St. Soldiers School,"Panchkula Sector 16, Panchkula - 134109",+(91)-172-4982225,http://www.saintsoldierschool.com,1984,4.5,"Schools , CBSE Schools , Playgroups , English Medium Schools , Nursery Schools , Kindergartens , Senior Secondary Schools , School For Girls , Primary Schools , School Co Education"
D C Montessori Senior Secondary Smart School,"Pocket Number 2 & 3, Mani Majra, Chandigarh - 160101, Near Modern Housing Complex",+(91)-172-4986259,http://www.dcmschd.edu.in,2008,4.7,"Schools , CBSE Schools , English Medium Schools , High School , Senior Secondary Schools , Montessori Schools , Primary Schools , School Co Education"
Shemrock Foundation School,"VIP Road Interlink Logarh Road, Zirakpur Ho, Zirakpur - 140603",+(91)-172-4986251,,Nursery To Vth,3.8,"Schools , Playgroups , English Medium Schools , Day Care Centres , Nursery Schools , Kindergartens , Creche , Summer Camps , Summer Camp For Children , Day Nurseries, Nursery Schools & Kindergardens"
St Joseph School,"CBSE Based On Convent Pattern, Village Manauli Surat, Lalru, Mohali - 140501, Banur Road",+(91)-172-4983322,http://www.sjsambala.com,2013,3.5,"Schools , CBSE Schools , Playgroups , English Medium Schools , Convent Schools , Nursery Schools"
Stepping stones senior secondary school,"Sector -37/D, Chandigarh Sector 37d, Chandigarh - 160036",+(91)-172-4984879,http://www.steppingstoneschd.org,1984,4.6,"Schools , CBSE Schools , Boarding Schools"
Euro Kids,"Panchkula Sector 9, Panchkula - 134109, Opposite House No 988",+(91)-172-4983645,http://www.eurokidsindia.com,Duplicate With Paid,4.3,"Schools , Playgroups , English Medium Schools , Nursery Schools , Kindergartens , Creche , Activity Clubs , Day Boarding Schools , Pre Nursery Schools , Day Nurseries, Nursery Schools & Kindergardens"
Holy Faith Preparatory A Fun School,"Scf-75, Top Floor, Main Market, Chandigarh Sector 38c, Chandigarh - 160036, Near Gobind Sweets & Gul...",+(91)-172-4985112,,1995,5.0,"Schools , Playgroups , Nursery Schools , Pre Nursery Schools"
Sherwood Convent School,"Phase-IV, Mohali Chandigarh, Chandigarh - 160059, SAS Nagar",+(91)-172-4981941,,1. Summer Camp,4.7,"Schools , CBSE Schools , Boarding Schools , Playgroups , English Medium Schools , Convent Schools , Nursery Schools , CBSE Boarding Schools , Public Schools , Pre Nursery Schools , Primary Schools"
Bachpan Play School,"S 32 Vasant Vihar, Phase 1 , Dhakoli, Zirakpur - 140603, Near Bauoli Sahib Gurudwara",+(91)-172-4986321,http://www.facebook.com/dhakaulibachpan,2013,1.0,"Schools , Playgroups , Day Care Centres , Nursery Schools , Kindergartens , Pre Nursery Schools , Summer Camp For Children , Day Nurseries, Nursery Schools & Kindergardens"
Bachpan Zirakpur,"Plot No 90, New Defence Colony, New Defence Colony-Zirakpur Ho, Zirakpur - 140603, Behind Lucky Dhab...",+(91)-172-4986282,http://www.bachpanglobal.com,2010,3.8,"Schools , Playgroups , English Medium Schools , Day Care Centres , Nursery Schools , Kindergartens , Creche , Activity Clubs , Day Boarding Schools , Pre Nursery Schools , Day Nurseries, Nursery Schools & Kindergardens"
Tiny Tots' Foundation School,"Plot No.-5, Phase-10, Mohali, Chandigarh - 160062, Nr. Niper",+(91)-172-4982064,http://www.tinytotsmohali.com,1983,5.0,"Schools , CBSE Schools , Playgroups , Kindergartens"
The British School,"Sector 12, Sector 8, Panchkula, Chandigarh - 134109",+(91)-172-4984352,http://www.thebritishschool.org,2005,4.9,"Schools , CBSE Schools , Playgroups , English Medium Schools , International Schools , Convent Schools , Nursery Schools , Kindergartens , High School , Public Schools , Montessori Schools , Pre Nursery Schools , IGCSE Schools , Primary Schools"
Saint Soldier International School,"Chandigarh Sector 28b, Chandigarh - 160102",+(91)-172-4982385,http://www.ssis.ac.in,1973,4.1,"Schools , CBSE Schools"
Sanjivni Preparatory School And Child Care Centre,"House Number 44, Chandigarh Sector 11, Chandigarh - 160011",+(91)-172-4984747,,1984,4.5,"Schools , Playgroups , Day Care Centres , Day Boarding Schools"
CRB Public School,"1808, Chandigarh Sector 7b, Chandigarh - 160019",+(91)-172-4981935,http://www.crbpublicschool.ztc.in,2005,4.5,"Schools , CBSE Schools , Playgroups , English Medium Schools , Kindergartens"
Kidzee,"Panchkula Sector 12a, Panchkula - 134112, Opposite House Number - 475",+(91)-172-4983424,http://www.kidzee.com,2013,4.5,"Schools , Playgroups , English Medium Schools , Day Care Centres , Nursery Schools , Kindergartens , Summer Camps , School Co Education , Kindergarten Co Ordinator , Day Nurseries, Nursery Schools & Kindergardens"
Atticus International,"Atticus Complex, Zirakpur Patiala Road, Zirakpur Ho, Zirakpur - 140603, Opposite Honda Showroom",+(91)-172-4981162,http://www.atticusinternational.in,2015,3.5,"Schools , Playgroups , English Medium Schools , Day Care Centres , Nursery Schools , Baby Sitters , Kindergartens , Pre Nursery Schools , Day Nurseries, Nursery Schools & Kindergardens , Child Development Centres"
Saint Soldier International School,"Sector 28b, Chandigarh Gpo, Chandigarh - 160017","+(91)-172-5024738 , +(91)-9888066819 , 5024737",http://www.ssis.ac.in,,4.5,Schools
Delhi Public School,"Chandigarh Sector 40c, Chandigarh - 160036","+(91)-172-2690991 , 2690911",http://www.dpschd.com,,4.2,"Schools , CBSE Schools , English Medium Schools"
St Stephens School,"Main Road, Chandigarh Sector 45b, Chandigarh - 160047, Near Masjid","+(91)-172-2605767 , +(91)-9878427242 , 6501031",http://www.stephenschandigarh.com,,4.5,"Schools , English Medium Schools , ICSE Schools"
Vivek High School,"Chandigarh Sector 38, Chandigarh - 160036, Sec-38b, Adj To Hort & Dainik Bhaskar Office","+(91)-172-2699428 , 2699429 , 2698988",,,4.2,"Schools , CBSE Schools , English Medium Schools"
Bharatiya Vidya Bhavan,"P No-5, Madhya Marg, Chandigarh Sector 27, Chandigarh - 160019, Jaisukhlal Hathi Sadan, Sector-27b","+(91)-172-2656955 , 5041620 , 5041630",http://www.bhavanchd.com,,4.4,"Schools , CBSE Schools , English Medium Schools"
Ryan International School,"Chandigarh Sector 49b, Chandigarh - 160047, Opposite Pushpa Complex","+(91)-172-2632410 , 2632447",http://www.ryaninternational.org,,4.1,"Schools , CBSE Schools , English Medium Schools , International Schools"
St Johns High School,"Chandigarh Sector 26, Chandigarh - 160026, Opp Khalsa College","+(91)-172-2792678 , 2792571",,,4.4,"Schools , CBSE Schools , English Medium Schools"
Sacred Heart Convent School,"Chandigarh Sector 26, Chandigarh - 160019",+(91)-172-2792297,,,4.2,"Schools , CBSE Schools , English Medium Schools , Convent Schools"
Carmel Convent School,"Chandigarh Sector 9, Chandigarh - 160009, Sector-9B","+(91)-172-2740891 , +(91)-9815301313 , 2743209 , 2742209",,,4.5,"Schools , CBSE Schools , English Medium Schools , Convent Schools"
Strawberry Fields High School,"Plot No -749, Chandigarh Sector 26, Chandigarh - 160019","+(91)-172-2795903 , +(91)-9814004015 , 2795904 , 2775964 , 4679163",http://www.strawberryfieldshighschool.com,,4.4,"Schools , English Medium Schools , ICSE Schools"
St Kabir Public School,"Chandigarh Sector 26, Chandigarh - 160019, Sec-26","+(91)-172-2791459 , 2793437",http://www.stkabir.co.in,,4.4,Schools
Gurukul Global School,"Mani Majra, Chandigarh - 160101","+(91)-172-2735100 , +(91)-9646169100 , 2737100",,,4.1,"Schools , CBSE Schools , Shoe Dealers , English Medium Schools , Shoe Dealers-Woodland , Shoe Dealers-Nike , Shoe Dealers-Adidas , Shoe Dealers-Puma , Shoe Dealers-Reebok , Shoe Dealers-Bata , Shoe Dealers-LEE Cooper , Nursery Schools , Sports Shoe Dealers , Shoe Dealers-Liberty , Shoe Dealers-Lotto , Shoe Dealers-Caterpillar , Primary Schools , School Preperatory"
Mount Carmel School,"Chandigarh Sector 47, Chandigarh - 160047, Sector-47b,Near Kendriya Vidyalya",+(91)-172-2630145,http://www.mountcarmelchd.org,,4.2,"Schools , CBSE Schools , Boarding Schools , English Medium Schools , Convent Schools"
DAV model school,"Chandigarh Sector 15, Chandigarh - 160015",+(91)-172-2541648,,,4.4,"Schools , English Medium Schools"
Manav Mangal Smart School,"Mohali Chandigarh, Chandigarh - 160059, Phase- 10, Sector- 64",+(91)-172-5053111,,,4.3,"Schools , CBSE Schools , English Medium Schools , Junior KG , Senior KG"
St Xavier Sr Sec School,"Chandigarh Sector 44c, Chandigarh - 160047, Opp Chaitanya Hospital","+(91)-172-2607079 , 2601706",,,4.2,"Schools , English Medium Schools , ICSE Schools"
St Annes Convent School,"Chandigarh, Chandigarh - 160038, Sector -32 C",+(91)-172-2603278,http://www.sacschd.in,,4.4,"Schools , CBSE Schools , English Medium Schools , Convent Schools"
Little Flower Convent School,"Housing Board Complex, Panchkula Sector 14, Panchkula - 134113",+(91)-172-2574527,,,4.4,"Schools , English Medium Schools , Convent Schools , Isc Schools"
Bharatiya Vidya Bhavan,"Panchkula, Panchkula - 134114, Sec- 15","+(91)-172-2592509 , 2593438",http://www.bhavans.info,,4.2,"Schools , CBSE Schools , English Medium Schools"
St Josephs Sr Sec School,"Chandigarh Sector 44d, Chandigarh - 160047, Near Petrol Pump","+(91)-172-2662616 , 4639566",,,4.1,"Schools , CBSE Schools , English Medium Schools"
Shivalik Public School,"Chandigarh Sector 41, Chandigarh - 160036, Sector-41 B","+(91)-172-2627451 , +(91)-9815131313 , 2626913 , 2628548 , 2225486",http://www.shivalik.org,,4.2,"Schools , CBSE Schools , English Medium Schools"
Kendriya Vidyalaya,"Chandigarh Sector 47, Chandigarh - 160047",+(91)-172-2633404,,,4.5,"Schools , CBSE Schools , English Medium Schools"
D A V Public School,"39d, Chandigarh Sector 8c, Chandigarh - 160009, Sec- 8 C",+(91)-172-2548269,http://www.davpschandigarh.com,,4.4,"Schools , CBSE Schools , English Medium Schools"
Yadvindra Public School,"PH-8, Mohali Chandigarh, Mohali - 160063",+(91)-172-2545433,,,4.8,Schools
Ashiana Public School,"Chandigarh, Chandigarh - 160001, Sector-46 A","+(91)-172-2633772 , +(91)-9814900460 , 9872500460",http://www.ashianapublicschool.com,,3.9,"Schools , CBSE Schools , English Medium Schools"
Vivek High School,"Mohali, Chandigarh - 140901, Sec-70, Opp SBI","+(91)-160-4621747 , 4622747 , 4625747",,,4.0,"Schools , CBSE Schools , English Medium Schools"
Kendriya Vidyalaya Number 3,"Industrial Area Phase Ii, Chandigarh - 160002, B R D Air Force Station","+(91)-172-2655097 , +(91)-8427647874",,,5.0,"Schools , CBSE Schools , English Medium Schools , Hindi Medium Schools"
Doon International School,"Mohali Chandigarh, Chandigarh - 160059, Sector- 69","+(91)-172-2216700 , +(91)-9814111159 , 2217720 , 2216620",http://www.dooninternational.com,,4.4,"Schools , CBSE Schools , English Medium Schools"
Satluj Public School Senior Wing,"Panchkula Sec 4, Panchkula - 134112, Opposite Sector 4 Market","+(91)-172-2560167 , 2574885",http://www.satlujpublicschool.com,,4.5,"Schools , CBSE Schools , English Medium Schools"
Shemrock SR Sec School,"Plot No-2, sector 69, Mohali Sas Nagar, Mohali - 160055, Opposite Prime Heart Hospital, Sector-69","+(91)-172-4001234 , +(91)-9878650444 , 8968812345 , 4001243",http://www.shemrockschool.com,,4.2,"Schools , CBSE Schools , English Medium Schools"
Guru Nanak Public School,"Chandigarh, Chandigarh - 160001, Sector36d","+(91)-172-2605019 , 2601214",http://www.gnpschandigarh.com,,4.0,"Schools , CBSE Schools , English Medium Schools , School For Girls"
Shishu Niketan Model Senior secondary school,"Chandigarh Sector 22d, Chandigarh - 160022",+(91)-172-2704966,http://www.shishuniketanschool.com,,3.9,"Schools , CBSE Schools , English Medium Schools"
Saupins School,"Pl No - 14, Chandigarh, Chandigarh - 160038, Sector 32a ,Back Side General Hospital","+(91)-172-2606090 , 2664732",,,4.3,"Schools , CBSE Schools , English Medium Schools"
Chitkara International School,"Chandigarh, Chandigarh - 160047, Sector-25, Opposite Punjab University,","+(91)-172-6578444 , +(91)-8427229999 , 9501105722 , 6548966 , 4090900",http://www.chitkaraschool.in,,4.6,"Schools , CBSE Schools , English Medium Schools , Convent Schools"
Govt Model Sr Sec School,"Chandigarh, Chandigarh - 160038, Opposite Saint Peters School ,Sector-37-B",+(91)-172-2677005,,,4.6,"Schools , CBSE Schools , English Medium Schools"
Smart Wonders School,"Mohali Sas Nagar, Mohali - 160055, Near IVY Hospital, Sector 71","+(91)-172-2270063 , +(91)-9814833309 , 9855577304 , 2270064 , 2270065",http://www.smartwonderschool.com,,4.7,"Schools , English Medium Schools"
British School,"Chandigarh, Chandigarh - 160001, Sec-44 B","+(91)-172-4654000 , 4605000",http://www.thebritishschool.org,,4.1,"Schools , CBSE Schools , English Medium Schools"
Manav Mangal High School,"Chandigarh Sector 21c, Chandigarh - 160022","+(91)-172-5039040 , 5039039",,,4.7,"Schools , CBSE Schools , English Medium Schools"
KB DAV Senior Secondary Public School,"Chandigarh Sector 7b, Chandigarh - 160019","+(91)-172-2791496 , 2792433",http://www.kbdav.com,,2.0,Schools
Dav Public Sr Sec School,"Mohali SAS Nagar, Mohali - 160055, PH-10",+(91)-172-2232299,,,4.1,"Schools , CBSE Schools , English Medium Schools"
New Public School,"Chandigarh Sector 18, Chandigarh - 160018, Sector18b","+(91)-172-2774162 , 2774792 , 2724157 , 2724162",http://www.npschd.com,,4.4,"Schools , CBSE Schools , English Medium Schools"
St Soldier School,"Mohali SAS Nagar, Mohali - 160055, PH-7","+(91)-172-2270443 , 2268088 , 5099519",,,4.1,"Schools , English Medium Schools , Army Training Centres , Convent Schools"
Gurukul World School,"Mohali Sas Nagar, Mohali - 160055, Sohana, Sector-69, Near Shahidi Singh Gurudara","+(91)-172-2217900 , +(91)-8054017900 , 8054497002 , 2216666",http://www.gurukulworld.co.in,,4.9,"Schools , CBSE Schools , Boarding Schools , English Medium Schools , CBSE Boarding Schools"
Pandit Mohan Lal S D Public School,"Chandigarh Sector 32c, Chandigarh - 160047, Sec 32-C","+(91)-172-2609669 , 2615336",,,4.2,"Schools , CBSE Schools , English Medium Schools"
Kendriya Vidyalaya,"Sector-31 A F Depot Chandigarh, Chandigarh Sector 31, Chandigarh - 160030",+(91)-172-2530953,,,3.0,"Schools , CBSE Schools , English Medium Schools"
Government Model Senior Secondary School,"Chandigarh Sector 8b, Chandigarh - 160009, Opposite D A V School","+(91)-172-2700274 , +(91)-9815413436",,,4.3,"Schools , Coal Dealers"
BAL Niketan Model SR Sec School,"Chandigarh, Chandigarh - 160002, Sec-37a,Opp Minni Mkt,Bh Batra Cinema",+(91)-172-2697332,,,3.4,"Schools , CBSE Schools , English Medium Schools"
St Xaviers High School,"Panchkula, Panchkula - 134109, Sec-20",+(91)-172-2551844,,,3.9,"Schools , English Medium Schools , ICSE Schools"
Ryan International School,"Ryan International School, opposite indian school of business, Mohali Sas Nagar, Mohali - 160055, Se...","+(91)-172-6530639 , +(91)-9216845788",,,3.7,"Schools , CBSE Schools , English Medium Schools"
Doon Public School,"Panchkula, Panchkula - 134114, Sec-21","+(91)-172-2570897 , 2590514",http://www.doonpublicschoolpkl.com,,4.5,"Schools , CBSE Schools , English Medium Schools"
D.C.Model School,"DC Model School Site, Opp. Main Market, Panchkula Sector 8, Panchkula - 134109, Sector -7,Panchkula ...","+(91)-172-2596464 , +(91)-9417506265 , 9914503293",,,4.0,"Schools , CBSE Schools , English Medium Schools"
Dav Sr. Sec. School,"Sector 8,Panchkula, Panchkula Sector 8, Panchkula - 134109",+(91)-172-2567449,,,4.5,Schools
Guru Nanak Khalsa SR Sec School,"Chandigarh Sector 30b, Chandigarh - 160020","+(91)-172-2654993 , +(91)-9915720220 , 2654693 , 2654593",http://www.gnkschool.info,,3.8,"Schools , CBSE Schools , English Medium Schools"
S D Sec School,"Sector-24 Chandigarh, Sector-24 Chandigarh, Chandigarh - 160024",+(91)-172-2914512,,,3.2,"Schools , CBSE Schools , English Medium Schools"
Manav Mangal School,"Panchkula, Panchkula - 134114, Sec-11",+(91)-172-5066668,,,4.6,"Schools , CBSE Schools , English Medium Schools"
St Peters Senior Secondary School,"Chandigarh Sector 37b, Chandigarh - 160036, Opposite Government Model School",+(91)-172-2698800,http://www.stpetersschoolchd.in,,3.8,"Schools , CBSE Schools , English Medium Schools"
Army Public School,"Sector D, Chandimandir, Panchkula, Panchkula , Panchkula",+(91)-172-2589605,,,4.1,Schools
Hans Raj Public School,"Panchkula, Panchkula - 134109, Sector -6",+(91)-172-2573800,,,4.6,"Schools , Institutes"
Govt Model Sr Sec School,"Chandigarh - 160017, Sector 22-A",+(91)-172-2720047,,,4.0,Schools
Yadavindra Public School,"Mohali, Chandigarh - 160062, Sector 51 SAS Nagar","+(91)-172-2232850 , +(91)-8146981354",,,4.3,"Schools , English Medium Schools , ICSE Schools"
Kendriya Vidyalaya No 2,"Panchkula, Panchkula - 134109, Chandimandir Cantt","+(91)-172-2589653 , 2589401",http://www.kv2chandimandir.org,,4.0,"Schools , CBSE Schools , English Medium Schools"
Mount Litera Zee School,"Panchkula, Panchkula - 134109, Panchkula Extension - 2, Sector-14, Urban Complex, Near Kot Village","+(91)-9417314167 , 9417004758 , 9988997955 , 9463450831",http://www.mountlitera.com,,4.2,"Schools , CBSE Schools , Playgroups , English Medium Schools , Nursery Schools , High School , School Pre Primary , Pre Schools , Pre Nursery Schools , Art Schools , Finishing Schools , School Preperatory , Finishing Schools For Children"
St Marys School,"Chandigarh Sector 46, Chandigarh - 160047, Sector-46B, Near Dhanwantri Hospital","+(91)-172-2633575 , +(91)-9417261322",,,4.0,"Schools , CBSE Schools , English Medium Schools"
Kendriya Vidyalaya,"O C F Sector 29-A Chandigarh, Sector-29, Chandigarh - 160020",+(91)-172-2234568,,,2.5,"Schools , CBSE Schools , English Medium Schools"
Moti Ram Arya Senior Secondary Model School,"Chandigarh Sector 27, Chandigarh - 160019, Sector-27 A","+(91)-172-2651058 , 2638652 , 2653790",http://www.mraschool.com,,4.4,"Schools , CBSE Schools , Boarding Schools , English Medium Schools , Educational Institutions"
Shivalik Public School,"Mohali Sas Nagar, Mohali - 160055, Phase-6","+(91)-172-2225486 , +(91)-9872576786",http://www.shivalik.org,,4.4,"Schools , CBSE Schools , English Medium Schools"
Government Model Senior Secondary School,"26, Chandigarh Sector 26, Chandigarh - 160019, Timber Market","+(91)-172-2790210 , +(91)-9779278670",,,3.0,"Schools , CBSE Schools , English Medium Schools , Hindi Medium Schools"
Dikshant Intl School,"Nh - 22,Zirakpur-Panchkula Highway, Zirakpur HO, Zirakpur - 140603","+(91)-1762-508438 , +(91)-9814135504 , 9257214796",http://www.dikshant.org,,4.9,"Schools , CBSE Schools , English Medium Schools"
DPS Play School,"VIP Road, Zirakpur Ho, Zirakpur - 140603","+(91)-9888953303 , 9888953678",,,4.7,"Schools , Playgroups , English Medium Schools"
Woodland House School,"Panchkula Sector 8, Panchkula - 134109, Opposite Kothi No-793","+(91)-172-2565711 , 2571591",,,5.0,"Schools , Kindergartens , Nursery Schools , Pre Nursery Schools"
The British School,"Mohali, Chandigarh - 160062, Sector-70","+(91)-172-4653000 , 5096000",http://www.thebritishschool.org,,3.5,"Schools , CBSE Schools , English Medium Schools"
University Business School,"Chandigarh Sector 14, Chandigarh - 160014, Arts Block-3,Punjab University","+(91)-172-2542978 , 2534709 , 2534818 , 2534866 , 18001802064",http://www.ubs.puchd.ac.in,,3.6,"Schools , MBA Institutes , Management Institutes"
Shishu Niketan Public School Sec Fourty Three A,"Chandigarh Sector 43, Chandigarh - 160047, Sec-43a","+(91)-172-2648966 , 6543966",http://www.shishuniketan.com,,4.5,"Schools , CBSE Schools , English Medium Schools"
Banyan Tree School,"Chandigarh Sector 48, Chandigarh - 160047, Sec-48b,Opp Kindra Vihar","+(91)-172-4602452 , 4602453 , 4602451 , 4602458",http://www.banyantree.in,,3.5,"Schools , CBSE Schools , English Medium Schools"
Hallmark Public School,"Panchkula Sector 15, Panchkula - 134113","+(91)-172-2593994 , 2593093",http://www.hallmarkpublicschool.com,,4.4,"Schools , CBSE Schools"
Tender Heart School,"Chandigarh Sector 33, Chandigarh - 160020, Sector-33 B, Opposite Terrace Garden","+(91)-172-2607524 , +(91)-9316009612 , 2609622",,,4.2,"Schools , English Medium Schools , ICSE Schools"
Jawahar Navodaya School,"Chandigarh, Chandigarh - 160001, Sector 25, Near Punjab University",+(91)-172-2710236,,,4.9,"Schools , CBSE Schools , Boarding Schools , English Medium Schools"
Bhavan Vidyalaya,"Sector -15, Panchkula, Panchkula - 134109",+(91)-172-2578275,,,4.7,"Schools , CBSE Schools , English Medium Schools"
Paragon Senior Secondary School,"Sector 71, Mohali, Mohali, Chandigarh - 160062, Near IVY Hospital","+(91)-172-2227869 , +(91)-9915519652 , 9855953220 , 5097142",http://www.paragonmohali.com,,4.0,"Schools , CBSE Schools , English Medium Schools , Convent Schools"
Prayaas School For Special Children,"Chandigarh Sector 38c, Chandigarh - 160036, Sec-38",+(91)-172-2690872,,,4.6,"Schools , Special Schools , Voluntary Organisations"
Small Wonders School,"Mohali Sas Nagar, Mohali - 160055, Opposite House Number- 2900, Phase- 7","+(91)-172-2274834 , +(91)-9914735104 , 2274827",http://www.smallwondersschool.com,,4.3,"Schools , Playgroups , English Medium Schools , Nursery Schools"
Euro Kids,"Chandigarh Sector 37d, Chandigarh - 160036, Opposite House No 3048, Behind Community Center","+(91)-172-4668354 , 4658354 , 4617354",http://www.eurokidsindia.com,,4.1,"Schools , Playgroups , Nursery Schools"
D.C MONTESSORI SMART SCHOOL,"Manimajra, Mani Majra, Chandigarh - 160101, Near Modern Housing Complex","+(91)-9855503267 , 9914503290 , 9855503268",,,4.6,"Schools , CBSE Schools , School Co Education"
tiny tots' Foundation School,"Plot No .-5, Nr. Niper, Phase-10, Mohali, Mohali, Chandigarh - 160062",+(91)-172-4982879,http://www.tinytotsmohali.com,1983,5.0,"Schools , Playgroups , Kindergartens"
Kidzee,"Panchkula Sector 12a, Panchkula - 134112, Opposite House Number - 475",+(91)-172-4983424,http://www.kidzee.com,2013,4.5,"Schools , Playgroups , English Medium Schools , Day Care Centres , Nursery Schools , Kindergartens , Summer Camps , School Co Education , Kindergarten Co Ordinator , Day Nurseries, Nursery Schools & Kindergardens"
Atticus International,"Atticus Complex, Zirakpur Patiala Road, Zirakpur Ho, Zirakpur - 140603, Opposite Honda Showroom",+(91)-172-4981162,http://www.atticusinternational.in,2015,3.5,"Schools , Playgroups , English Medium Schools , Day Care Centres , Nursery Schools , Baby Sitters , Kindergartens , Pre Nursery Schools , Day Nurseries, Nursery Schools & Kindergardens , Child Development Centres"
D C Montessori Senior Secondary Smart School,"Pocket Number 2 & 3, Mani Majra, Chandigarh - 160101, Near Modern Housing Complex",+(91)-172-4986259,http://www.dcmschd.edu.in,2008,4.7,"Schools , CBSE Schools , English Medium Schools , High School , Senior Secondary Schools , Montessori Schools , Primary Schools , School Co Education"
Shemrock Foundation School,"VIP Road Interlink Logarh Road, Zirakpur Ho, Zirakpur - 140603",+(91)-172-4986251,,Nursery To Vth,3.8,"Schools , Playgroups , English Medium Schools , Day Care Centres , Nursery Schools , Kindergartens , Creche , Summer Camps , Summer Camp For Children , Day Nurseries, Nursery Schools & Kindergardens"
St. Soldiers School,"Panchkula Sector 16, Panchkula - 134109",+(91)-172-4982225,http://www.saintsoldierschool.com,1984,4.5,"Schools , CBSE Schools , Playgroups , English Medium Schools , Nursery Schools , Kindergartens , Senior Secondary Schools , School For Girls , Primary Schools , School Co Education"
Sherwood Convent School,"Phase-IV, Mohali Chandigarh, Chandigarh - 160059, SAS Nagar",+(91)-172-4981941,,1. Summer Camp,4.7,"Schools , CBSE Schools , Boarding Schools , Playgroups , English Medium Schools , Convent Schools , Nursery Schools , CBSE Boarding Schools , Public Schools , Pre Nursery Schools , Primary Schools"
St Joseph School,"CBSE Based On Convent Pattern, Village Manauli Surat, Lalru, Mohali - 140501, Banur Road",+(91)-172-4983322,http://www.sjsambala.com,2013,3.5,"Schools , CBSE Schools , Playgroups , English Medium Schools , Convent Schools , Nursery Schools"
Stepping stones senior secondary school,"Sector -37/D, Chandigarh Sector 37d, Chandigarh - 160036",+(91)-172-4984879,http://www.steppingstoneschd.org,1984,4.6,"Schools , CBSE Schools , Boarding Schools"
Euro Kids,"Panchkula Sector 9, Panchkula - 134109, Opposite House No 988",+(91)-172-4983645,http://www.eurokidsindia.com,Duplicate With Paid,4.3,"Schools , Playgroups , English Medium Schools , Nursery Schools , Kindergartens , Creche , Activity Clubs , Day Boarding Schools , Pre Nursery Schools , Day Nurseries, Nursery Schools & Kindergardens"
Sanjivni Preparatory School And Child Care Centre,"House Number 44, Chandigarh Sector 11, Chandigarh - 160011",+(91)-172-4984747,,1984,4.5,"Schools , Playgroups , Day Care Centres , Day Boarding Schools"
Saint Soldier International School,"Chandigarh Sector 28b, Chandigarh - 160102",+(91)-172-4982385,http://www.ssis.ac.in,1973,4.1,"Schools , CBSE Schools"
Holy Faith Preparatory A Fun School,"Scf-75, Top Floor, Main Market, Chandigarh Sector 38c, Chandigarh - 160036, Near Gobind Sweets & Gul...",+(91)-172-4985112,,1995,5.0,"Schools , Playgroups , Nursery Schools , Pre Nursery Schools"
CRB Public School,"1808, Chandigarh Sector 7b, Chandigarh - 160019",+(91)-172-4981935,http://www.crbpublicschool.ztc.in,2005,4.5,"Schools , CBSE Schools , Playgroups , English Medium Schools , Kindergartens"
The British School,"Sector 12, Sector 8, Panchkula, Chandigarh - 134109",+(91)-172-4984352,http://www.thebritishschool.org,2005,4.9,"Schools , CBSE Schools , Playgroups , English Medium Schools , International Schools , Convent Schools , Nursery Schools , Kindergartens , High School , Public Schools , Montessori Schools , Pre Nursery Schools , IGCSE Schools , Primary Schools"
Bachpan Play School,"S 32 Vasant Vihar, Phase 1 , Dhakoli, Zirakpur - 140603, Near Bauoli Sahib Gurudwara",+(91)-172-4986321,http://www.facebook.com/dhakaulibachpan,2013,1.0,"Schools , Playgroups , Day Care Centres , Nursery Schools , Kindergartens , Pre Nursery Schools , Summer Camp For Children , Day Nurseries, Nursery Schools & Kindergardens"
Bachpan Zirakpur,"Plot No 90, New Defence Colony, New Defence Colony-Zirakpur Ho, Zirakpur - 140603, Behind Lucky Dhab...",+(91)-172-4986282,http://www.bachpanglobal.com,2010,3.8,"Schools , Playgroups , English Medium Schools , Day Care Centres , Nursery Schools , Kindergartens , Creche , Activity Clubs , Day Boarding Schools , Pre Nursery Schools , Day Nurseries, Nursery Schools & Kindergardens"
Saint Soldier International School,"Sector 28b, Chandigarh Gpo, Chandigarh - 160017","+(91)-172-5024738 , +(91)-9888066819 , 5024737",http://www.ssis.ac.in,,4.5,Schools
Delhi Public School,"Chandigarh Sector 40c, Chandigarh - 160036","+(91)-172-2690991 , 2690911",http://www.dpschd.com,,4.2,"Schools , CBSE Schools , English Medium Schools"
St Stephens School,"Main Road, Chandigarh Sector 45b, Chandigarh - 160047, Near Masjid","+(91)-172-2605767 , +(91)-9878427242 , 6501031",http://www.stephenschandigarh.com,,4.5,"Schools , English Medium Schools , ICSE Schools"
Vivek High School,"Chandigarh Sector 38, Chandigarh - 160036, Sec-38b, Adj To Hort & Dainik Bhaskar Office","+(91)-172-2699428 , 2699429 , 2698988",,,4.2,"Schools , CBSE Schools , English Medium Schools"
Bharatiya Vidya Bhavan,"P No-5, Madhya Marg, Chandigarh Sector 27, Chandigarh - 160019, Jaisukhlal Hathi Sadan, Sector-27b","+(91)-172-2656955 , 5041620 , 5041630",http://www.bhavanchd.com,,4.4,"Schools , CBSE Schools , English Medium Schools"
Ryan International School,"Chandigarh Sector 49b, Chandigarh - 160047, Opposite Pushpa Complex","+(91)-172-2632410 , 2632447",http://www.ryaninternational.org,,4.1,"Schools , CBSE Schools , English Medium Schools , International Schools"
St Johns High School,"Chandigarh Sector 26, Chandigarh - 160026, Opp Khalsa College","+(91)-172-2792678 , 2792571",,,4.4,"Schools , CBSE Schools , English Medium Schools"
Sacred Heart Convent School,"Chandigarh Sector 26, Chandigarh - 160019",+(91)-172-2792297,,,4.2,"Schools , CBSE Schools , English Medium Schools , Convent Schools"
Govt Model SR Sec School,"Sector 10 A Chandigarh, Mohali Chandigarh, Chandigarh - 160059",+(91)-172-2547976,,,4.4,"Schools , CBSE Schools , English Medium Schools"
I S Dev Samaj Sr Sec School,"Ambla Road, Chandigarh Sector 21c, Chandigarh - 160022, Behind Petrol Pump","+(91)-172-2721034 , 2706601",,,4.0,"Schools , CBSE Schools , English Medium Schools , Hindi Medium Schools"
Gurukul,"Chandigarh Sector 20, Chandigarh - 160020, Sector-20,Tribune Mitra Vihar,Madan Pura","+(91)-172-2552100 , +(91)-9878582300 , 9876612300 , 2552200",,,4.4,Schools
Government Model School,"Chandigarh Sector 20, Chandigarh - 160020",+(91)-172-2708920,,,0.0,"Schools , CBSE Schools , English Medium Schools"
Shri Guru Gobind Singh SR Sec School,"Chandigarh Sector 35b, Chandigarh - 160022",+(91)-172-2621555,,,4.0,"Schools , CBSE Schools , English Medium Schools"
First Step Montessori School,"Plot Number- 44, Panchkula, Panchkula - 134109, Sector- 7",+(91)-172-2597791,,,4.2,"Schools , Kindergartens"
Govt Model High School,"Chandigarh - 160017, Sector -35",+(91)-172-2676006,,,3.5,Schools
RIMT World School,"Mani Majra, Chandigarh - 160101, Opposite Shivalik Garden","+(91)-172-2735440 , 2735441",http://www.rimtworld.ac.in,,5.0,"Schools , CBSE Schools , English Medium Schools"
Shivalik Public School,"Mohali, Chandigarh - 160055, PH-6","+(91)-172-2274485 , +(91)-9815131313 , 9827264076 , 9814117459",,,4.4,Schools
Shishu Niketan Public School,"Mohali Sas Nagar, Mohali - 160055, Sec-66",+(91)-172-6533966,,,4.5,Schools
Holy Child School,"Morni Raod,Sector 02, Panchkula, Panchkula - 134109",+(91)-172-3251739,,,5.0,"Schools , CBSE Schools , English Medium Schools , School Co Education"
Blue Bird High School,"Sector-16,Panchkula, Panchkula Sector 16, Panchkula - 134109","+(91)-172-2564822 , +(91)-9876133168 , 9417012583 , 2567273",http://www.bluebirdschool.org,,4.2,"Schools , CBSE Schools , English Medium Schools , School Co Education"
Satluj Public School Junior Wing,"Panchkula, Panchkula - 134109, Opposite House No-553, Sector-02","+(91)-172-2560267 , +(91)-9814668783 , 2560167",,,3.3,"Schools , CBSE Schools , English Medium Schools , School Co Education"
Shri Guru Harkrishan Model Senior Secondary School,"Chandigarh Sector 38d, Chandigarh - 160038, Near Government High School","+(91)-172-2691673 , 4625673",http://www.harkrishanschool.com,,3.6,"Schools , CBSE Schools , Playgroups , English Medium Schools"
Sky School,"Panchkula Sector 21, Panchkula - 134112, Main Market, Site-1, Near Tao Dali Lal Stadium","+(91)-172-2584343 , +(91)-9316004000 , 9356404400 , 8054896559",http://www.theskyschool.com,,4.0,"Schools , CBSE Schools"
Paragon Senior Secondary School,"95, Chandigarh Gpo, Chandigarh - 160017, Sec-71","+(91)-172-2227869 , +(91)-9915509652 , 9815674212 , 9915519652 , 5097143 , 2272041",http://www.paragonmohali.com,,0.0,"Schools , CBSE Schools , English Medium Schools"
Kendriya Vidyalaya No 1 Chandimandir,"No 1, Chandigarh Sector 17, Chandigarh - 160017, Chandi Mandir Cantt","+(91)-172-2589274 , 2589307",http://www.kv1chandimandir.org,,0.0,"Schools , CBSE Schools , English Medium Schools"
Kundan International School,"Chandigarh, Chandigarh - 160002, Sec-46b","+(91)-172-6531002 , 2632675",http://www.kundaninternational.org,,4.5,"Schools , CBSE Schools , English Medium Schools"
Divya Public School,"Chandigarh Sector 44d, Chandigarh - 160047, Nr 44 D Mkt","+(91)-172-2620808 , 3297808",http://www.divyapublicschool.com,,4.0,"Schools , CBSE Schools , English Medium Schools"
Chandigarh Baptist School,"Chandigarh Sector 45, Chandigarh - 160047, Sec-45d","+(91)-172-2602234 , 2645646",,,4.4,"Schools , CBSE Schools , English Medium Schools"
Jainendra Gurukul Senior Secondary School,"Panchkula Gurukul, Panchkula - 134108, Near Majri",+(91)-172-2563172,,,5.0,"Schools , Hindi Medium Schools"
Ajit Karam Singh Intl Public School,"Chandigarh Sector 41, Chandigarh - 160036, Sec-41 B","+(91)-172-2626541 , 2627878 , 5005541",,,3.4,"Schools , CBSE Schools , English Medium Schools"
Kendriya Vidyalaya,"Air Force Station, High Ground, Chandigarh - 160004, High Grounds",+(91)-172-288044,http://kvchdhighgrounds.org,,0.0,Schools
Dav Senior Secondary School Lahore,"Chandigarh Sector 8c, Chandigarh - 160009, Sector 8-C, Chandigarh","+(91)-172-2781345 , +(91)-9872266338 , 2781562",http://www.davssslahore8c.com,,3.9,"Schools , CBSE Schools , English Medium Schools , School For Girls , Hindi Medium Schools , Boys School"
Saupins School,"Panchkula Sector 9, Panchkula - 134109, Opposite House Number- 333","+(91)-172-2569241 , 2563739",http://www.saupinsschoolpkl.com,,3.6,"Schools , English Medium Schools , ICSE Schools , Kindergartens"
Lawrence Public Sr Sec School,"Mohali Sas Nagar, Mohali - 160055, Sec-51","+(91)-172-2234985 , 2234986 , 2234987",http://www.lpsmohali.com,,3.4,"Schools , CBSE Schools , English Medium Schools"
Ambika School Of Education,"Badala Rd, Mohali Sas Nagar, Mohali - 160055, Opp Village Badali,Kharar Distt","+(91)-9888087905 , 9888111600",,,3.0,Schools
Sharda Sarvhitkari Modern Senior Secondary School,"Chandigarh Sector 40d, Chandigarh - 160036, Near DPS School",+(91)-172-2694114,,,4.8,"Schools , CBSE Schools , English Medium Schools"
Brilliance World School,"Site No 1, Panchkula Sector 12, Panchkula - 134112, Opposite Yadav Bhawan","+(91)-172-6530664 , +(91)-9888610700",http://www.brillianceworldschool.com,,5.0,"Schools , CBSE Schools , English Medium Schools , Day Boarding Schools"
Tulips World School,"Panchkula Sector 7, Panchkula - 134109, Opposite House No 520","+(91)-172-6501222 , +(91)-9216513222",http://www.tulipsworldschool.com,,0.0,"Schools , CBSE Schools"
Lion Club Deaf & Dumb School,"Chandigarh Sector 18, Chandigarh - 160018",+(91)-172-2782556,,,3.7,Schools
Dashmesh Khalsa Public School,"PH 3 B1, Mohali Chandigarh, Chandigarh - 160001, Gurudwara Sachadhan","+(91)-172-2260453 , +(91)-9878603505",,,4.0,Schools
Saupins School,"Mohali Sas Nagar, Mohali - 160055, Sec-70,Site-16","+(91)-172-2265123 , 2264878",,,4.7,"Schools , Nursery Schools"
Shastri Model School,"Mohali Sas Nagar, Mohali - 160055, PH-1","+(91)-172-2672211 , +(91)-9814445910 , 2227211",,,4.5,Schools
JLPL School Mohali,"Sector 91, Mohali, Mohali SAS Nagar, Mohali - 160055",+(91)-8427722205,http://www.jlplschoolmohali.com,,0.0,"Schools , CBSE Schools , Playgroups , English Medium Schools , International Schools , Nursery Schools , Kindergartens , Public Schools , Montessori Schools , Primary Schools , School Co Education"
A C National Public Senior Secondary School,"Ambala Chandigarh Road, Zirakpur Ho, Zirakpur - 140105, Near Parmar Filling Station",+(91)-1762-526258,http://www.acnpschool.com,,4.0,Schools
Air Force School,"3173/1, Sector-44d, Chandigarh, Chandigarh Sector 44d, Chandigarh - 160047",+(91)-172-2665167,,,2.0,Schools
National Public School,"43, Mohali Sas Nagar, Mohali - 160055, Near Peer Baba Road, Saini Vihar, Phase-1","+(91)-9417052129 , 9815335029",,,0.0,"Schools , Playgroups"
Kids R Kids School,"Chandigarh Sector 42c, CHANDIGARH - 160036, Near Government Girls College, Near Bank Of India Flats,...","+(91)-172-2646048 , +(91)-9915900262 , 5074951",http://www.kidsrkids.com,,4.0,"Schools , School Preperatory"
Aksips,"Mohali Chandigarh, Chandigarh - 160059, PH-IX","+(91)-172-2234733 , 2212000",,,4.3,"Schools , Playgroups , Nursery Schools , Summer Camp For Kids"
Govt Model High School,"Chandigarh - 160017, Sector -19",+(91)-172-2700259,,,0.0,Schools
Jawahar Navodaya Vidyalayas,"Mouli, Panchkula, Panchkula - 134109",+(91)-172-2258450,,,5.0,"Schools , CBSE Schools"
Golden Bells Public School,"Mohali, Chandigarh - 140901, Near Eye Hospital",+(91)-9958341010,,,4.3,Schools
Anees School,"Kharar, Mohali - 140301, Shivjot Encl,Nr Gurmakh Atta Chakki",+(91)-9915244522,,,3.0,Schools
kimberley corp off,"Sco- 341, 2nd Floor, Panchkula Sector 9, Panchkula - 134109",+(91)-172-4052587,http://www.kimberley.co.in,,5.0,Schools
S D High School,"Sector 24, Chandigarh , Chandigarh",+(91)-172-2712676,,,4.5,Schools
Gyandeep Model Senior Secondary School,"Chandigarh Sector 20c, Chandigarh - 160020, Near 20-30 Lights, Behind Yark Cloth House","+(91)-172-2771945 , 2707524",http://www.gyandeepmodelseniorsecondaryschool.com,,5.0,"Schools , CBSE Schools , English Medium Schools"
SRI Guru Gobind Singh SR Sec School,"Sector-35b Chandigarh, Chandigarh Sector 35b, Chandigarh - 160022",+(91)-172-2897512,,,3.5,"Schools , CBSE Schools , English Medium Schools"
Ajit Karam Singh Intl Public School,"Chandigarh Sector 45, Chandigarh - 160047, Sec-45 A","+(91)-172-3298994 , 2624445 , 2626541",,,4.7,"Schools , CBSE Schools , English Medium Schools"
Eurokids Panchkula,"Eurokids Panchkula, Opp #988 Sector 9, Panchkula - 134109",+(91)-172-2224575,,,5.0,"Schools , English Medium Schools"
Alpine school,"Panchkula, Panchkula - 134109, Pinjore",+(91)-9254444494,http://www.thealpineschool.com,,5.0,"Schools , CBSE Schools , Boarding Schools , English Medium Schools , Hostel For Boy Students , CBSE Boarding Schools , Hostel For Girl Students , CBSE Boarding Schools For Girls , CBSE Boarding Schools For Boys"
Paragon Sixty Nine Sr Sec School,"Mohali, Chandigarh - 160062, SAS Nagar, Sec-69","+(91)-172-2230200 , +(91)-9501516159 , 9501516199 , 2230300",http://www.paragon69.com,,4.0,Schools
Kendriya Vidyalaya,"Mohali, Chandigarh - 160055, K-Area Zirakpur,Via Aerodrome",+(91)-172-270844,,,3.0,"Schools , CBSE Schools , English Medium Schools , School Books"
Shri Guru Harkishan Public School,"Chandigarh Sector 40c, Chandigarh - 160040, Opp Badheri Mkt","+(91)-172-2686858 , 2692838",,,4.5,"Schools , CBSE Schools , English Medium Schools"
Chaman Lal DAV Senoir Public School,"Panchkula, Panchkula - 134109, Behind Geeta Mandir, Sector-11","+(91)-172-2561295 , 2564893",,,4.3,"Schools , English Medium Schools"
Shri Aurobindo Model School,"1-A, Madhya Marg, Chandigarh Sector 27, Chandigarh - 160019",+(91)-172-5025222,,,4.0,"Schools , CBSE Schools , English Medium Schools"
Gyan Joyti Public School,"Near Bassi Theatre, Mohali - 160058, Phase -2",+(91)-172-2228806,,,4.7,Schools
Government Girls Senior Secondary School,"Chandigarh Sector 20, Chandigarh - 160020, Behind Jama Masjid, Sector- 20 B","+(91)-172-2700720 , +(91)-8699003233",,,4.0,"Schools , CBSE Schools , English Medium Schools , School For Girls , Hindi Medium Schools"
Kendriya Vidyalaya,"Chandigarh, Chandigarh - 160001, Ocf Sector 29-B",+(91)-172-2658645,http://www.kvocf29chd.com,,3.8,"Schools , CBSE Schools , English Medium Schools , Hindi Medium Schools"
Govt Girls Sr Sec School,"Chandigarh Sector 18, Chandigarh - 160018, Sec-18d",+(91)-172-5051402,,,4.3,"Schools , CBSE Schools , English Medium Schools , School For Girls"
Govt Model High School,"Chandigarh - 160017, Sector -26",+(91)-172-2750000,,,5.0,Schools
Govt Girls Sr Sec School,"Chandigarh - 160017, Sector -20",+(91)-172-2725324,,,0.0,Schools
Manav Public School,"Dashmesh Nagar, Nr. Church, Naya Gaon, Chandigarh - 160103, Naya Gaon","+(91)-9915314342 , 9915662484",,,0.0,"Schools , Playgroups , Kindergartens"
Sggs Collegiate Public School,"Chandigarh Sector 26, Chandigarh - 160026","+(91)-172-2790071 , 2791502",,,3.4,"Schools , CBSE Schools , English Medium Schools"
Govt Model SR Sec  School,"Chandigarh, Chandigarh - 160001, Sarangpur Ut",+(91)-172-2789544,,,0.0,"Schools , CBSE Schools , English Medium Schools"
Kendriya Vidyalaya,"Air Force Station High Ground, Aerodroma, Chandigarh - 160003",+(91)-172-2240142,,,4.3,"Schools , CBSE Schools , English Medium Schools"
Aanchal Intl School,"Chandigarh Sector 41d, Chandigarh - 160036",+(91)-172-2627628,http://www.aanchalschool.org,,5.0,"Schools , CBSE Schools , Playgroups , English Medium Schools , Educational Institutions"
Ankur Nursery School,"Chandigarh Sector 14, Chandigarh - 160014",+(91)-172-2545792,,,3.4,"Schools , Nursery Schools , School Preperatory"
Saint Hari Public School & Academic Institute,"453, Mani Majra, Chandigarh - 160101, Near Dehra Sahib","+(91)-172-5075453 , +(91)-9872360009",,,2.0,"Schools , Computer Training Institutes , English Medium Schools , Distance Education Institutes"
New India Senior Secondary School,"Panchkula Sector 15, Panchkula - 134113, Opposite House Number- 116","+(91)-172-2594373 , +(91)-9417054558 , 2595858",,,3.0,"Schools , English Medium Schools"
Nav Bal Niketan Public School,"Panchkula, Panchkula - 134109, Near Consumer Court Sector-12A","+(91)-172-2567577 , 2637509",,,4.0,"Schools , English Medium Schools , Primary Schools"
Doon Intl School,"Main Road, Mohali, Chandigarh - 160062, Sector-69, SAS Nagar","+(91)-172-3096821 , +(91)-9872857525 , 2211520 , 2216700 , 2217720",http://www.dooninternational.com,,4.3,"Schools , English Medium Schools"
Mangogrove School,"Panchkula, Panchkula - 134114, Opp Gh-91, Sec-20",+(91)-172-2552065,,,5.0,"Schools , Kindergartens"
Aastha Model School,"Amartex Road, Panchkula Industrial Area Phase 1, Panchkula - 134113, Abheypur",+(91)-172-2582323,,,5.0,"Schools , English Medium Schools"
V B International School Affiliated Senior Secondary School,"Ambala Road, Zirakpur, Chandigarh - 140603, Near Hotel Maryland","+(91)-9855960990 , 9915958104",,,4.3,"Schools , Playgroups , English Medium Schools , International Schools"
Mera Bachpan School,"Sco 20-21, Zirakpur Shimla Highway, Baltana, Zirakpur Ho, Zirakpur - 140603, Near Hotel Dolphin",+(91)-172-4985348,,,5.0,"Schools , Playgroups , Day Care Centres , Nursery Schools , Kindergartens , Creche , Activity Clubs , Day Boarding Schools , Pre Nursery Schools , Day Nurseries, Nursery Schools & Kindergardens"
St Michael's Primary School,"H No-689, Panchkula, Panchkula - 134109, Near Aggarwal Bhawan","+(91)-172-2571889 , +(91)-9417088326 , 2605563",,,0.0,Schools
Haryana Model Senior Secondary School,"Panchkula, Panchkula - 134109, Sector- 10",+(91)-172-2561742,,,4.0,"Schools , CBSE Schools , English Medium Schools"
Sanawar Montessori  School,"Chandigarh Sector 11, Chandigarh - 160011, Near Comunity Centre","+(91)-172-2747110 , +(91)-9915635555",,,4.3,"Schools , Kindergartens"
St Pauls International School,"Mohali Sas Nagar, Mohali - 160055, Phase-6 ,Near Neighbourhood Park, Opposite House No-39","+(91)-172-2270040 , +(91)-9888908877",http://www.stpaulsmohali.com,,5.0,"Schools , CBSE Schools"
Jainendra Public School,"Panchkula, Panchkula - 134109",+(91)-172-5603570,,,0.0,Schools
Modern Ways High School,"Sector-29, Chandigarh - 160020, Sec-29 C,Bh Tribune","+(91)-172-2638117 , +(91)-9814465245",http://www.modernways.in,,4.8,"Schools , CBSE Schools , English Medium Schools"
SRI Guru Harkrishan Sr. Sec. Public School,"Chandigarh, Chandigarh - 160001, Chief Khalsa Diwan","+(91)-183-2562649 , 2212329",,,5.0,"Schools , CBSE Schools , English Medium Schools"
Guru Nanak Public School,"Chandigarh Sector 37d, Chandigarh - 160036, Opposite Mcn College","+(91)-172-2696293 , 2601214 , 2605019",,,0.0,"Schools , CBSE Schools , English Medium Schools"
D A V Public School,"590, Chandigarh Sector 18, Chandigarh - 160018",+(91)-172-2782192,,,5.0,Schools
Air Force School,"3-Brd, Chandigarh Gpo, Chandigarh - 160017, Near Kalibadi Mandir",+(91)-172-2641188,http://www.afschool3brd.com,,3.3,"Schools , CBSE Schools , English Medium Schools"
Govt. Model School,"Chandigarh - 160017, Sector -20",+(91)-172-2700108,,,5.0,Schools
Moti Ram Arya SR Sec Model School,"Sector-27a Chandigarh, Sector-27 Chandigarh, Chandigarh - 160019",+(91)-172-2291882,,,4.0,"Schools , CBSE Schools , English Medium Schools"
Shishu Niketan Public School,"Sector-22d Chandigarh, Sector-22 Chandigarh, Chandigarh - 160022",+(91)-172-2227966,,,5.0,"Schools , CBSE Schools , English Medium Schools"
Playway Smart School,"Chandigarh Sector 37a, Chandigarh - 160036, Opposite Water Works","+(91)-172-2691405 , +(91)-9876237393 , 9988331318",,,5.0,Schools
S D Saini Public School,"Chandigarh Sector 38c, Chandigarh - 160036",+(91)-172-2692912,,,0.0,"Schools , CBSE Schools , English Medium Schools"
Expanding Horizons,"Sco-83, 1st Floor, Chandigarh Sector 38c, Chandigarh - 160036, Near Gobing Sweets",+(91)-7307850025,http://www.expandinghorizons.co.in,,4.5,"Schools , Boarding Schools , English Medium Schools , Institutes , ICSE Schools , Tutorials For Maths , Convent Schools , Girls Boarding Schools , Nursery Schools , CBSE Boarding Schools , Class XII Science Tutorials , Tutorials For Science , Tutorials For Class XII Maths , Boys Boarding Schools , CBSE Boarding Schools For Girls , Class XI Science Tutorials , CBSE Boarding Schools For Boys , Boarding Schools In Panchagani , IGCSE Boarding Schools , Tutorials For Olympiad , Tutorials For Maths Olympiad , Science Olympiad Centres , Coaching Class School"
Japanese Language School,"Sco-656,57, Mohali, Chandigarh - 160059, Sec-70",+(91)-172-4640088,,,3.0,"Schools , Language Classes"
Government Senior Secondary School,"Panchkula Sector 7, Panchkula - 134109",,,,5.0,"Schools , CBSE Schools , Senior Secondary Schools"
Jainendra Public School,"Zirakpur - Kalka Highway, Panchkula, Panchkula - 134109, Sector - 1","+(91)-172-2560357 , 2584571",http://www.schooljainendra.com,,0.0,"Schools , CBSE Schools , English Medium Schools"
St Teresa Convent School,"Panchkula, Panchkula - 134114, Sector 25","+(91)-172-6539322 , +(91)-9256908170",http://www.teresaschool.com,,2.8,"Schools , CBSE Schools , English Medium Schools , Convent Schools"
Andale Public School,"Panchkula, Panchkula - 134114, Entrance Gate.sec 9, Adj To Comunity Centre",+(91)-172-5060022,,,4.5,"Schools , CBSE Schools , English Medium Schools"
Genius Public School,"Mohali Sas Nagar, Mohali - 160055, Sec-69","+(91)-172-6574550 , +(91)-9914038208 , 2216550",http://www.geniuspublicschool.com,,4.8,Schools
Lawerance Public School,"Mohali Sas Nagar, Mohali - 160055, PH-6",+(91)-172-2262031,,,3.0,Schools
EURO KIDS,"17-18 Green Enclave, Lohgarh Road, Zirakpur Ho, Zirakpur - 140603","+(91)-9888852621 , 9815932279",,,4.0,Schools
SRI Sukhmani Intl School,"Derabassi, Zirakpur - 140507",+(91)-1762-506438,http://www.ssis.edu.in,,4.5,"Schools , CBSE Schools , English Medium Schools"
ATS Valley School,"Barwala Road, Derabassi, Lalru, Mohali - 140501, ATS Golf Meadows","+(91)-172-664103 , +(91)-9501069175 , 8968312428 , 664104",http://www.atsvalley.edu.in,,5.0,"Schools , CBSE Schools , English Medium Schools"
Dav Public Sr. Sec. School,"Mohali - 160058, Phase -10",+(91)-172-2232299,,,4.7,Schools
Woodsbury The Kindergarten School,"Plot No-L-64, Mohali SAS Nagar, Mohali - 160055, Phase 10","+(91)-172-4655100 , +(91)-9316113823",,,3.5,"Schools , English Medium Schools , NOS Schools"
New Angel Public School,"Saini Complex, Patiala Road, Zirakpur HO, Zirakpur - 140105","+(91)-1762-6536511 , 521487",http://www.newangelschool.com,,4.3,Schools
Naresh,"Lower Parel, Sarangpur, Chandigarh - 160014",+(91)-7838667477,,,0.0,"Schools , Motor Training Schools"
Chaman LAL D A V SR Public School,"Chandigarh, Chandigarh - 160001, Sec-11","+(91)-172-2561295 , 2564893",http://www.chamanlaldavpanchkula.com,,0.0,"Schools , CBSE Schools , English Medium Schools"
Govt High School,"Chandigarh Sector 52, Chandigarh - 160036, Kajheri",+(91)-172-2662043,,,0.0,"Schools , Educational Institutions , Schools- Academic- Elementary & Secondary"
The Big Apple Play School,"Dss 25, Panchkula, PANCHKULA - 134109, Sector 12",+(91)-172-6573706,,,4.5,"Schools , Playgroups"
Govt Model High School,"Chandigarh - 160017, Sector- 29a",+(91)-172-2679018,,,0.0,Schools
Govt High School,"Chandigarh - 160017, Sector 35-D",+(91)-172-2676039,,,0.0,Schools
Govt Model High School,"sec-41    d, Derabassi, Chandigarh - 160017, Badheri",+(91)-172-2677012,,,0.0,"Schools , CBSE Schools , English Medium Schools"
The New Public School,"Sector-18b Chandigarh, Chandigarh Sector 18, Chandigarh - 160018","+(91)-172-2275534 , 2221156",,,1.0,"Schools , CBSE Schools , English Medium Schools"
Govt Model High School,"Sector-34-C Chandigarh, Chandigarh Sector 34c, Chandigarh - 160022",+(91)-172-2531750,,,4.3,"Schools , CBSE Schools , English Medium Schools"
SRI Guru Harkrishan Model School,"Sector-38 D Chandigarh, Chandigarh Sector 38, Chandigarh - 160036",+(91)-172-2597312,,,2.7,"Schools , CBSE Schools , English Medium Schools"
Eurokids International LTD.,"Sco-66,1st Floor, Sector - 40C, Chandigarh Sector 40c, Chandigarh - 160040, Near-Moter Market",+(91)-172-4416808,http://www.erokidsindia.com,,0.0,"Schools , Pre Nursery Schools , Interview Technique Training Pre Schools , E Learning Pre School Teacher Training , Pre School Outdoor Activities , Educational Consultants For Pre School"
Goverment High School,"Chandigarh - 160017, Sector - 11",+(91)-172-2740623,,,0.0,Schools
Sikhya School,"Chandigarh Sector 46c, Chandigarh - 160047, Sec-46a",+(91)-172-5060455,,,0.0,Schools
Govt. Senior Secondary School,"Chandigarh - 160017, Sector - 45",+(91)-172-2676028,,,5.0,Schools
Oxford Sr Sec School,"Sco-141, Chandigarh Sector 40c, Chandigarh - 160036","+(91)-172-5074667 , 5089837",,,0.0,Schools
S D Sr Sec School,"Chandigarh Sector 24, Chandigarh - 160036, Sec-24c",+(91)-172-6546187,,,3.5,"Schools , CBSE Schools , English Medium Schools"
"Lawrence Public School,","Mohali, Chandigarh - 160062",+(91)-172-2261031,,,5.0,Schools
Vedic Girls High School,"Mani Majra, Chandigarh - 160101, Main Mkt",+(91)-172-2734313,,,4.0,"Schools , CBSE Schools , English Medium Schools , School For Girls , Hindi Medium Schools"
Vijay Public School,"Near Gouri Shankar Mandir, Sector-17, Panchkula, Panchkula - 134114","+(91)-172-2574061 , +(91)-9417382339 , 5040061",,,1.0,"Schools , CBSE Schools , English Medium Schools , Convent Schools"
Greenfield Smart School,"Mohali Sas Nagar, Mohali - 160055, Sector- 59, Phase- 5","+(91)-172-2264757 , +(91)-9876555990",,,3.7,"Schools , English Medium Schools"
Tender steps foundation school,"Sco 18 palam enclave, Ambala chd road, Zirakpur HO, Zirakpur - 140603, Opp paras down town square","+(91)-1762-521214 , +(91)-9988899014",,,0.0,"Schools , Bank Exam Tutorials"
Tender Steps Foundation School,"Opp Big Bazaar, Ambala Chandigarh Road, Zirakpur Ho, Zirakpur - 140105, Near Ranjan Plaza /Near Moti...",+(91)-9988899014,,,0.0,"Schools , English Medium Schools , Day Care Centres , Nursery Schools , Kindergartens , Creche , Activity Clubs , Day Boarding Schools , Pre Nursery Schools , Day Nurseries, Nursery Schools & Kindergardens"
M R A Modern Public School,"M R A Modern Public School, Near Chandigarh-Kalka Highway, Panchkula - 134113",+(91)-172-2259630,,,0.0,"Schools , CBSE Schools , English Medium Schools"
M.S.D.M   School,"Adarsh nagar, street no 1, zirakpur ambala highway, Zirakpur HO, Zirakpur - 140603, Opp paras down t...","+(91)-9855123422 , 9855123409",,,0.0,"Schools , English Medium Schools"
British convent junior,"House no 196, AKS colony, Zirakpur HO, Zirakpur - 140603",+(91)-9988009675,,,0.0,"Schools , Playgroups , Kindergartens , Nursery Schools , Schools Nursery To VI"
Satluj Public School,"Panchkula Sec 4, Panchkula - 134112",+(91)-172-5601677,,,0.0,Schools
Shri kalgidhar dasmesh public school,"Aks colony , Patiala road, Zirakpur HO, Zirakpur - 140603",+(91)-8567928709,,,0.0,"Schools , Nursery Schools , School For Girls , Primary Schools"
The Magical Garden(Play School),"# 134, Green City, Zirakpur HO, Zirakpur - 140603, Opp. Mamta Enclave",+(91)-9815510644,,,0.0,"Schools , Playgroups , English Medium Schools , Play School & Child Care Centre"
G.s memorial public sen sec school,"G.s enclave, Chd amb highway, Zirakpur HO, Zirakpur - 140603, Opp royal estate","+(91)-1762-286435 , +(91)-9876700160",http://Www.gsmschool.com,,0.0,"Schools , English Medium Schools , Nursery Schools , Hindi Medium Schools , Primary Schools"
Cute Smiles A Play School And Day Care Center,"Badal Colony Opp Royal Estate, Near Balaji Timber, Zirakpur Ho, Zirakpur - 140105, Amb Chd Highway","+(91)-9988805498 , 9257257484",http://www.cutesmiles.co.in,,0.0,"Schools , Playgroups , Day Care Centres , Nursery Schools , Kindergartens , Creche , Pre Nursery Schools , Summer Camps , Summer Camp For Children , Day Nurseries, Nursery Schools & Kindergardens"
Guru TEG Bahadur Model High School,"Mohali, Chandigarh - 140901, PH-1",+(91)-160-2224543,,,0.0,Schools
Little Angels School,"vasant vihar, phase I, Dhakoli, Zirakpur - 140603, near bauli sahib gurudwara","+(91)-1762-270323 , +(91)-9257202344 , 7355548784",http://www.littleangelstheschool.com,,0.0,Schools
Shabd Pre School,"Haryana-Punjab Barrier, Panchkula Sector 20, Panchkula - 134116, Tri City Plaza, Peermuchhalla","+(91)-9316207744 , 9315207744",http://www.shabdpreschool.com,,0.0,"Schools , Playgroups , Kindergartens , Pre Nursery Schools"
May Buds,"Ist Floor, Right Check Post, Panchkula Sector 21, Panchkula - 134112",+(91)-9878281925,,,0.0,Schools
St. Joan's Public School,"Sigma City Road, Lohgarh, Zirakpur - 140603",+(91)-9799754581,,,4.2,Schools
Blooms a play school,"#11 VIP road , Zirakpur HO, Zirakpur - 140603, Ajo nirmal chhaya",+(91)-9872425200,,,0.0,"Schools , Playgroups , Day Care Centres , Kindergartens , Nursery Schools , Primary Schools"
Angel World School,"Morinda Road, Kharar, Mohali - 140301, Near Morinda Bye Pass","+(91)-9988132664 , 7508140551 , 7508140552",http://www.awsmorinda.com,,4.0,"Schools , English Medium Schools"
Shemrock Biss,"653/ B-1, Ratpur Colony, Panchkula, Panchkula - 134109",+(91)-172-2309451,,,0.0,Schools
Govt High School,"15, Sector 19 Panchkula, Panchkula, Panchkula - 134109","+(91)-9416511877 , 9914017957",,,0.0,Schools
Smd Little Champ,"Panchkula, Panchkula - 134109, Near Ram Mandir , Sector-2","+(91)-172-2573000 , +(91)-9041022225 , 9041022226 , 2584000",http://www.smdlittlechamp.com,,5.0,Schools
Oakridge International School,"Fathegarh Sirhind Road, Mote Majra, Mohali - 140306, Near Landran",+(91)-160-2008171,,,0.0,Schools
Bachpan A Play School,"Gulabgarh Road, Derabassi, Zirakpur - 140507","+(91)-9996642444 , 9876656641",,,2.5,"Schools , Boarding Schools , Playgroups , English Medium Schools , Hindi Medium Schools , Play School & Child Care Centre"
Bhupindra International Public School,"Patiala, CHANDIGARH - 147001, Bh Sheesh Mahal","+(91)-2306170- , +(91)-9814848505",,,5.0,Schools
Blooson Convent School,"Dashmesh Nagar, Nayagaon, Mohali , Mohali",+(91)-9216027995,,,0.0,"Schools , English Medium Schools , Convent Schools"
Anee's School,"Sco 69, Mohali - 160058",+(91)-172-2232835,,,0.0,Schools
Govt High School,"Mohali - 160058, Phase- 3b1",+(91)-172-2226844,,,0.0,Schools
Govt Senior Seconday School,"Mohali - 160058, Manauli",+(91)-172-2251427,,,4.0,Schools
Hemkunt Public School,"Mohali - 160058, Sector -71",+(91)-172-2261005,,,0.0,Schools
B S A (Basic Shiksha Adhikari),"Bareilly, Bareilly - 160022",+(91)-172-2430358,,,4.0,"Schools , CBSE Schools , Education Abroad"
Joint Director Education,"Bareilly, Bareilly - 160022",+(91)-172-2427107,,,0.0,"Schools , CBSE Schools , English Medium Schools , Education Abroad"
Asst. Director Basic,"Bareilly, Bareilly - 160022",+(91)-172-2575479,,,0.0,"Schools , CBSE Schools , Education Abroad"
G I C ( Principal),"Bareilly, Bareilly - 160022",+(91)-172-2476135,,,0.0,"Schools , CBSE Schools , Education Abroad"
D I O S,"Bareilly, Bareilly - 160022",+(91)-172-2427433,,,4.5,"Schools , CBSE Schools , Education Abroad"
G G I C,"Bareilly, Bareilly - 160022, Nr Halkan Mandir City Station",+(91)-172-2557353,,,5.0,"Schools , CBSE Schools , Education Abroad"
Addl. Seceretary( U P Beard),"Bareilly, Bareilly - 160022",+(91)-172-2576494,,,0.0,"Schools , CBSE Schools , Education Abroad"
Kastha Kala,"Bareilly, Bareilly - 160022",+(91)-172-2428701,,,0.0,"Schools , CBSE Schools , Education Abroad"
Shivalik Senior Secondary School,"Sec-41b, Chandigarh, Jaipur - 160002","+(91)-2627451, 0172-2626913",http://www.shivalik.org,,0.0,Schools
ST. Soldier Divine Public School,"St. Soldier Divine Public School, Sector-16, Panchkula, Ambala - 134109","+(91)-172-2565645 , 2565184",,,5.0,"Schools , English Medium Schools"
Social Convent International Sch,"Village Pattarkalan Opp Ptu Kaourthala, Village Dhanas, Jalandhar - 160014",+(91)-181-2431823,,,0.0,"Schools , CBSE Schools , English Medium Schools"
Saupin's School,"Saupin`s School, Sector 9, Panchkula, Ambala - 134113","+(91)-172-2569241 , 2563739",,,0.0,"Schools , English Medium Schools , ICSE Schools"
Atma Devi Public School,"Chandigarh Ludhiana Highway, Morinda, Mohali - 140101, Chandigarh Ludhiana Highway ,Near State Bank ...","+(91)-160-2630517 , +(91)-9417582414",,,0.0,"Schools , English Medium Schools"
Desh Bhagat Group Of Institutes,"Almoh Road, Mandigobindgarh, Fatehgarh Sahib - 147301","+(91)-1765-520521 , +(91)-9876029008 , 9876029009 , 520524",http://www.deshbhagatinstitutes.com,,5.0,"Schools , Colleges , Language Classes For English , Medical Colleges , Institutes , Fashion Designing Institutes , Institutes For Hotel Management , Immigration Consultants , Management Institutes , B Ed Institutes , CET Tutorials , Tutorials For Medical Entrance , GMAT Tutorials , Institutes For IELTS , MCA Institutes , BCA Institutes , Institutes For Engineering , Institutes For B Tech , BBA Institutes , Visa Consultant Student , Visa Assistance For New Zealand , Tutorials For IT , Tutorial Gre\graduate Record Examination , Tutorials For BSE , Institutes For Media Communication"
Gmm School,"Chandigarh - 160017, Sector -38",+(91)-172-2677002,,,0.0,Schools
Govt. Model High School,"Chandigarh - 160017, Sector -22",+(91)-172-2700082,,,5.0,Schools
Govt Model School,"Chandigarh - 160017, Sector -32",+(91)-172-2676004,,,4.5,Schools
Govt Senior Secondary School,"Chandigarh - 160017, Sector 47-D",+(91)-172-2631451,,,5.0,Schools
Govt Model High School,"Chandigarh - 160017, Sector 28-C",+(91)-172-2679015,,,4.3,Schools
Govt Senior Sec School,"Chandigarh - 160017, Dhanas",+(91)-172-2677009,,,5.0,Schools
Govt High Schools,"Chandigarh - 160017, Sector -34",+(91)-172-2676003,,,0.0,Schools
Govt Basic High School,"Chandigarh - 160017, Sector -20",+(91)-172-2700086,,,4.0,Schools
Govt Modle High School,"Chandigarh - 160017, Sector -33",+(91)-172-2676022,,,0.0,Schools
Tribune School,"Chandigarh Sector 29d, Chandigarh - 160030","+(91)-172-2655078 , 2635373",,,0.0,Schools
AMAR JAIN PUBLIC SCHOOL,"Chandigarh Sector 27, Chandigarh - 160019, Sec-27b",+(91)-172-2656401,,,4.0,Schools
Board Exam Special,"Scf 33, 2nd Floor, Phase 10, Mohali Chandigarh, Mohali - 160063",+(91)-9357294242,,,0.0,Schools
Jelly Bean Junction,"Jelly Bean Junction, Sector 35, Landran, Mohali Chandigarh, Mohali - 160063",+(91)-9915802154,,,0.0,Schools
RAI School,"High School Site, Chandigarh Sector 47, Chandigarh - 160047, Sec-48,Nr Kendriya Vihar","+(91)-172-2632801 , 2632802",,,0.0,Schools
Sunshine Public School,"36, Sector-28-A, Chandigarh Sector 28d, Chandigarh - 160002",+(91)-172-2641058,,,0.0,"Schools , English Medium Schools"
Guru Teg Bahadur Public School,"Chandigarh Sector 15, Chandigarh - 160015, Behind Gurdwara-A,Sector-15c","+(91)-172-2783013 , +(91)-8289035888 , 4064793",,,0.0,"Schools , CBSE Schools , Boarding Schools , English Medium Schools , CBSE Boarding Schools , Pre Nursery Schools"
Govt Sr Sec School,"Industrial Area Phase II, Chandigarh - 160002, Kirsan Clny",+(91)-172-2679008,,,5.0,"Schools , CBSE Schools , English Medium Schools"
Green Castle Public School,"Main Road, Chandigarh Sector 47, Chandigarh - 160047, Near Park, Sector 47 C","+(91)-172-2630449 , +(91)-9216107652",,,0.0,"Schools , CBSE Schools , English Medium Schools"
British School,"Industrial Area, Chandigarh - 160002, Sector-8 & 12","+(91)-172-4646246 , 5028556",http://www.thebritishschool.org,,4.0,"Schools , CBSE Schools , English Medium Schools"
Nurture Nest,"opp penta homes, vip road, Chandigarh, Zirakpur - 160001",+(91)-172-4986232,http://www.nurturenest.com,,5.0,"Schools , Playgroups , Day Care Centres , Kindergartens , Creche , Pre Nursery Schools , Summer Camps , Summer Camp For Children , Day Nurseries, Nursery Schools & Kindergardens"
Vedas Gurukul,"Mani Majra, Chandigarh - 160101, Shivalik Gardens","+(91)-9779452221 , 9878258300",http://www.thegurukul.in,,0.0,Schools
Shishu Niketan Public School,"5,Mansa Devi complex, Mansa Devi Sector 5, Panchkula - 134114","+(91)-172-2556036 , +(91)-9915721114 , 2555342",,,5.0,"Schools , Educational Institutions"
Golden Bells Public School,"Sec-77, Mohali Chandigarh, Chandigarh - 160059, Adjoining Sohana Village","+(91)-172-3290662 , +(91)-9417258830",http://www.goldenbellz.com,,5.0,"Schools , CBSE Schools , Boarding Schools"
Gian Jyoti Global School,"Mohali Sas Nagar, Mohali - 160055, Phase 2","+(91)-172-4000518 , +(91)-9814016268 , 2228806 , 2266986 , 2266979",http://www.gjpsmohali.com,,5.0,"Schools , Playgroups , Primary Schools"
Anee's School,"Corporate Office SSS-64 Phase-9 Mohali / Sector-69 Mohali / Shivlot Enclave, Kharar / Zirakpur VIP E...",+(91)-9464744444,,,0.0,Schools
Gem Public School,"Mohali Chandigarh, Chandigarh - 160059, PH 3b2,SAS Ngr,Behind Hanuman Mandir","+(91)-172-5090720 , 5093734",http://www.gempublicschool.org,,4.0,"Schools , CBSE Schools , English Medium Schools"
Guru Teg Bahadur Model High School,"Mohali SAS Nagar, Mohali - 160055",+(91)-172-2253501,,,0.0,Schools
ST Farid Public School,"Mohali SAS Nagar, Mohali - 160055, Near Site Number 12,Sector-59, Phase-4","+(91)-172-2220969 , +(91)-9814820194 , 9781600194",,,5.0,"Schools , Primary Schools"
Sir Mcauliff High School,"Plot Number-15, Mohali Sas Nagar, Mohali - 160055, Phase-11, Behind Market","+(91)-172-2232015 , +(91)-8427213388",,,5.0,"Schools , CBSE Schools , English Medium Schools"
Shivalik Public School,"Sector-41b Chandigarh, Chandigarh Sector 41, Chandigarh - 160036","+(91)-172-2570509 , 2192301",,,4.0,"Schools , CBSE Schools , English Medium Schools"
ST.Xavier's High School,"St.xavier`s High School, Sector 20, Panchkula, Panchkula - 134109","+(91)-172-2566577 , 2585144",,,0.0,"Schools , English Medium Schools , ICSE Schools"
Saint Soldier's Divine Public School,"Saint Soldier`s Divine Public School, Sector 16 Panchkula Haryana, Panchkula - 134109",+(91)-172-2516585,,,3.0,"Schools , CBSE Schools , English Medium Schools"
The Mangogrove School,"Panchkula, Panchkula - 134109, Opposite GH-91,Sector-20","+(91)-172-2552065 , +(91)-9888624483",,,3.0,"Schools , CBSE Schools , English Medium Schools , Kindergartens , Activity Clubs"
Shemrock Smiles,"# 7, Disha Arcade, Rail Vihar Road, Mansa Devi Complex, Panchkula, Panchkula - 134114","+(91)-172-3292631 , +(91)-9915197587 , 9815369423 , 9915197387 , 9915197487",http://www.shemrock.com,,5.0,"Schools , Playgroups , Kindergartens"
Nanhe Manke Play Way Paragon69,"Sector 69, Mohali, Mohali Chandigarh, Chandigarh - 160059",+(91)-172-4984090,,,5.0,"Schools , Playgroups , English Medium Schools , Kindergartens , Primary Schools , Day Nurseries, Nursery Schools & Kindergardens"
Government Senior Secondary School,"Panchkula Sector 15, Panchkula - 134113",,,,4.2,"Schools , CBSE Schools , Senior Secondary Schools , School For Girls , Hindi Medium Schools"
Sherwood Convent School,"Mohali Chandigarh, Mohali - 160063, Phase 4,Near Bugan Milan Garden","+(91)-172-2268801 , +(91)-9814735933",,,0.0,"Schools , CBSE Schools , Convent Schools"
ST Solider Divine Public School,"Mohali Phase 7 Punjab, Mohali Sas Nagar, Mohali - 160055",+(91)-172-2678443,,,5.0,"Schools , CBSE Schools , English Medium Schools"
Lawrance Public SR Sec School,"Sector 51, Mohali Sas Nagar, Mohali - 160055",+(91)-172-2261031,,,3.0,"Schools , CBSE Schools , English Medium Schools"
Paragon Senior Secondery School,"71, Mhl, Mohali Sas Nagar, Mohali - 160055",+(91)-172-2271241,,,4.8,Schools
B.S.H. Arya Senior Secondary School,"Sohana, Mohali, Chandigarh - 160062",+(91)-172-3248300,,,5.0,Schools
Kidzee Play School,"House No 320 Preet Colony, Preet Colony-Zirakpur Ho, Zirakpur - 140603","+(91)-9988652525 , 9780689475",http://www.kidzee.com,,5.0,"Schools , Playgroups , English Medium Schools , Day Care Centres , Nursery Schools , Kindergartens , Creche , Activity Clubs , Day Boarding Schools , Pre Nursery Schools , Summer Camps , Summer Camp For Kids , Summer Camp For Children , Day Nurseries, Nursery Schools & Kindergardens"
Mount View Public School,"Zirakpur HO, Zirakpur - 140603, Kalgidhar Encl,Baltana","+(91)-1762-509308 , +(91)-9814680841 , 270370",,,5.0,Schools
Maxim Merry School,"Kharar, Kharar, Mohali - 140301",+(91)-9815124789,,,5.0,"Schools , English Medium Schools"
Moti Ram Arya Modern Public School,"Moti Ram Arya Modern Public School, Sector 7 Panchkula Haryana, Panchkula - 134108",+(91)-172-2531690,,,5.0,"Schools , CBSE Schools , English Medium Schools"
Bkm Vishvas School,"Panchkula Sector 9, Panchkula - 134109, Near Inner Market","+(91)-172-2584991 , +(91)-9216232095 , 2585991",,,0.0,"Schools , CBSE Schools , English Medium Schools"
Valley Public School,"Mansa Devi Road, Panchkula, Panchkula - 134109",+(91)-172-2557464,,,5.0,"Schools , CBSE Schools , English Medium Schools"
Sapient Public School,"Sapient Public School, Nalagarh Road Pinjore Distt Panchkula Haryana, Panchkula - 134102",+(91)-172-2265852,,,0.0,"Schools , CBSE Schools , English Medium Schools"
Akisps -65,"Mohali - 160058, Phase -11",+(91)-172-2212000,,,5.0,Schools
Govt Senior Secondary School,"Mohali - 160058, Phase- 3b1",+(91)-172-2271905,,,0.0,Schools
Genius Public School,"4573, Mohali - 160058, Sector -70",+(91)-172-2224438,,,0.0,Schools
St Thomas School,"Plot No-300, Chandigarh Sector 18, Chandigarh - 160018, Near Post Office , Sector 18 A",+(91)-172-2779377,,,0.0,"Schools , CBSE Schools , English Medium Schools"
P N Tagore Model School,"348, Chandigarh, Chandigarh - 160002, Vill Khuda Lahora",+(91)-172-2789083,,,0.0,"Schools , CBSE Schools , English Medium Schools"
Dagshai Public School,"House No-1936, Mohali Sas Nagar, Mohali - 160055, Phase-10","+(91)-172-2213670 , +(91)-9218400918 , 2266144",,,0.0,"Schools , CBSE Schools , English Medium Schools"
Govt Model High School,"Chandigarh, Chandigarh - 160002, Hockey Stadium Sports Complex, Sector-42-B","+(91)-172-2676042 , +(91)-9417287145",,,3.0,"Schools , CBSE Schools , English Medium Schools"
Aashiana,"281, Chandigarh Sector 20, Chandigarh - 160020, Panchkula",,,,0.0,"Schools , Music Classes , Music Shops , Music Classes For Classical , Music Companies"
Govt Coeducation High School,"Chandigarh - 160017, Mani Majra",+(91)-172-2751003,,,0.0,Schools
Tiny Turners Play School,"Plot No 2039, Chandigarh Sector 21, Chandigarh - 160022, Near Dirnear Prachin Man","+(91)-172-2776019 , +(91)-8968778772",,,0.0,"Schools , Boarding Schools"
Prg Education Services LTD,"Sco-94-95, 3rd Flr, Chandigarh Sector 34a, Chandigarh - 160022","+(91)-172-5079994 , +(91)-9316100833",,,0.0,"Schools , Institutes , Institutes For Hotel Management , Educational Institutions , Language Classes , Pre Nursery Schools"
Corporate Office,"Bajwara, Chandigarh - 160022","+(91)-172-5025001 , 5025002",,,0.0,"Schools , CBSE Schools , Engineering Colleges , Boarding Schools , English Medium Schools , ICSE Schools , Colleges For Chemical Engineering , Mechanical Engineering Colleges , Colleges For Computer Engineering , Colleges For Electronic Engineering"
B M School Pvt Ltd,"1227, Chandigarh Sector 18, Chandigarh - 160018",+(91)-172-2774336,,,0.0,Schools
Australian School Of English,"Sco-59,1st Flr, Chandigarh, Chandigarh - 160001, Sec-32c","+(91)-11-4345784 , +(91)-9872566599",,,5.0,"Schools , IELTS Tutorials , English Medium Schools , Institutes , Institutes For IELTS"
St Anthony Christian High School,"General Bus Stand, Chandigarh - 160017, Vill Dadumajra",+(91)-172-2643503,,,0.0,"Schools , CBSE Schools , English Medium Schools"
Chandigarh Businees School,"Chandigarh Sector 17, Chandigarh - 160017","+(91)-9872000731 , 9914331120",http://www.cbsmohali.org,,0.0,"Schools , Institutes , Business Management Institutes , Tutorial Business Communication"
DON Bosco PUB. School,"441, Chandigarh - 160017, Sector 35-A",+(91)-172-2602537,,,0.0,Schools
Govt HR Sec School Principal,"Chandigarh - 160017, Sector - 23",+(91)-172-2700009,,,0.0,Schools
Govt High School,"Chandigarh - 160017, Khudda Ali Sher",+(91)-172-2757000,,,0.0,Schools
Govt High School,"Chandigarh - 160017, Sector -32",+(91)-172-2676017,,,0.0,Schools
Govt Model School,"Chandigarh - 160017, Kirsan Colony",+(91)-172-2676041,,,0.0,Schools
Govt High School,"Chandigarh - 160017, Sector - 31",+(91)-172-2676012,,,0.0,Schools
Govt High School,"Chandigarh - 160017, Khudda Lahora",+(91)-172-2754002,,,0.0,Schools
Govt High School,"Chandigarh - 160017, Sector -29",+(91)-172-2679012,,,0.0,Schools
Govt Girls High School,"Chandigarh - 160017, Sohana",+(91)-172-2258270,,,0.0,Schools
Govt Model Middle School,"Chandigarh - 160017, Sector -39",+(91)-172-2677006,,,0.0,Schools
Govt High School,"Chandigarh - 160017, Sector -38",+(91)-172-2677003,,,0.0,Schools
Govt Middle School,"Chandigarh - 160017, Sector - 40",+(91)-172-2677008,,,0.0,Schools
Govt Middle School Karsan,"Ram Darbar, Chandigarh - 160017, Phase-2",+(91)-172-2679020,,,0.0,Schools
Govt Model Middle School,"Pgi Com ., Chandigarh - 160017, Sector -12",+(91)-172-2740616,,,0.0,Schools
Govt M H School,"Chandigarh - 160017, Sector -28d",+(91)-172-2659266,,,0.0,Schools
Govt Sr Secondary School,"Chandigarh - 160017, Sector- 15",+(91)-172-2700164,,,5.0,Schools
Govt High School,"Chandigarh - 160017, Sector - 46",+(91)-172-2676013,,,0.0,Schools
Govt High School,"Chandigarh - 160017, Mani Majra",+(91)-172-2751002,,,0.0,Schools
Govt High School,"Chandigarh - 160017, Kajheri",+(91)-172-2676038,,,0.0,Schools
Govt High School,"Chandigarh - 160017, Sector 47-A",+(91)-172-2632154,,,0.0,Schools
Govt High School,"Chandigarh - 160017, Sector - 41",+(91)-172-2677011,,,0.0,Schools
Govt Jr Model School,"Chandigarh - 160017, Sector -10",+(91)-172-2740146,,,0.0,Schools
Govt High School,"Khuda Ali Sher, Chandigarh - 160017, Vill. Perchh",+(91)-172-2786005,,,0.0,Schools
Govt High School,"Mohali - 160058, Vill. Daon",+(91)-172-2277029,,,0.0,Schools
Govt Sr. Secondary School,"Mohali - 160058, Phase- 11",+(91)-172-2230157,,,0.0,Schools
Govt High School,"Chandigarh Sector 22, CHANDIGARH - 160022","+(91)-172-2707670 , 2601750",,,0.0,"Schools , Educational Institutions"
Ramgarhia Public School,"Ramgarhia Bhawan Cplx, Chandigarh Sector 27, Chandigarh - 160019, Sec-27d",+(91)-172-2652055,,,0.0,Schools
Resort Hill Society School,"Karorankhuda Alisher, Chandigarh Sector 19, Chandigarh - 160019",+(91)-172-2785614,,,4.0,Schools
BIMLA SOODEN DEEP VILL MODEL SCHOOL,"20, Chandigarh Sector 27, Chandigarh - 160019, Sec-27",+(91)-172-2656593,,,0.0,Schools
Finesse Institute For Languages,"Sco-271, Chandigarh Sector 32d, Chandigarh - 160047","+(91)-172-5078271 , 2609668",,,0.0,"Schools , Language Classes For English , Tutorials , IELTS Tutorials , Institutes , Language Classes , Institutes For IELTS , Tutorials For English , Training Centre & Facilities"
Entrepreneur Business School,"1053 Sec-21 Gurgaon, Chandigarh Gpo, Chandigarh - 160017",+(91)-9350939956,,,0.0,Schools
Chandigarh Baptist School,"Sector-35, Chandigarh - 160023",+(91)-172-2541582,,,0.0,Schools
Nav Bal Niketan School,"Sector-29, Chandigarh - 160020, Sec 29-B",+(91)-172-2637509,http://www.nbnschool.com,,0.0,"Schools , English Medium Schools"
Canasia School,"Sco 425-26, Chandigarh Sector 35c, Chandigarh - 160022",+(91)-172-5088288,,,0.0,Schools
Kendriya Vidyalaya School,"Chandigarh Sector 31, Chandigarh - 160030, Sec-31d",+(91)-172-2638953,,,4.4,"Schools , CBSE Schools , English Medium Schools , Hindi Medium Schools"
Kulwant RAI Sarvahitkari Vidya Mandir,"Chandigarh Sector 43, Chandigarh - 160047, Sec-43b",+(91)-172-2667401,,,0.0,"Schools , CBSE Schools , English Medium Schools"
Saffron City School,"1475, Chandigarh Rd, Chandigarh Sector 43, Chandigarh - 160047, Fatehsahib,Sec-43b","+(91)-9417051189 , 9417051189 , 9463602389",,,0.0,Schools
Vardhman Intl Public Schools,"Chandigarh Sector 38c, Chandigarh - 160036, Sec-38","+(91)-172-2672677 , +(91)-9257256500",,,0.0,Schools
Millennium School,"Sector-67, Mohali Chandigarh, Mohali - 160063",+(91)-172-4982759,http://www.millenniummohali.com,,4.2,"Schools , Exclusive Website Registration , Exclusive Website Registration Brochures , Exclusive Website Registration-Videos"
K M Bharatiya Model School,"Adarsh Nagar, Naya Goan, Chandigarh - 160013","+(91)-9888699127 , 9888179127 , 9888439127",,,0.0,"Schools , English Medium Schools"
Shishu Shiksha Niketan School,"Sco-162, 1st Flr, Chandigarh Sector 38c, Chandigarh - 160036, Sector-38-C","+(91)-172-3027679 , +(91)-9888438402",,,0.0,"Schools , CBSE Schools , Playgroups , English Medium Schools"
S D SR Sec School,"Chandigarh Sector 24, Chandigarh - 160036, Sec-24 C","+(91)-172-2780011 , +(91)-9915300666",,,3.0,"Schools , CBSE Schools , English Medium Schools"
Bobby Stores,"Sco 34, SAS Nagar,Phase 1, Mohali Chandigarh, Mohali - 160063",+(91)-9357241982,,,0.0,"Schools , Typing Classes"
Sachdeva Communication Centre,"Booth No.239-240,Phase 5, Mohali Chandigarh, Mohali - 160063",+(91)-172-5095637,,,0.0,"Schools , Typing Classes"
Ashmah International School,"Sector-70, Mohali Chandigarh, Mohali - 160063",+(91)-172-5063140,,,0.0,Schools
Concepts Institute Of Competitions,"Scf 60, Top Floor,Phase 10, Mohali Chandigarh, Mohali - 160063",+(91)-9814861188,,,0.0,Schools
Sherwood Convent School,"-Phase 04, Mohali Chandigarh, Mohali - 160063",+(91)-172-4645933,,,0.0,Schools
New Cyber World,"Scf 43,1st Floor, SAS Nagar,Phase 10, Mohali Chandigarh, Mohali - 160063",+(91)-9876649618,,,0.0,Schools
New Friends Book Shop,"Booth No. 184, SAS Nagar,Phase 10, Mohali Chandigarh, Mohali - 160063",+(91)-172-6941179,,,0.0,Schools
Andale Public School Sec Fourty Four,"3173/1, Chandigarh Sector 44c, Chandigarh - 160047, Sec-44d",,,,0.0,Schools
ST. James Convent School,"St. James Convent School, Jagatpur, Near Sector 48 C, Chandigarh, Chandigarh Sector 48, Chandigarh -...",+(91)-9888129200,,,0.0,"Schools , Convent Schools"
Govt  SR  Sec School,"Chandigarh Gpo, Chandigarh - 160017, Malaya Chandigarh",+(91)-172-2617002,,,5.0,"Schools , CBSE Schools , English Medium Schools , Hindi Medium Schools"
Dutt Vishesh School,"Chandigarh Sector 26, Chandigarh - 160026, Near New Blind School","+(91)-9988889949 , 9988889946",,,0.0,"Schools , School Preperatory"
Suresh Kumar Sachdeva,"Dav Model School, Chandigarh Sector 15, Chandigarh - 160015",+(91)-172-2771543,,,0.0,"Schools , Lawyers , CBSE Schools , Boarding Schools , Civil Lawyers"
D A V Model School,"Sec 15 A Chd, Chandigarh Sector 15, Chandigarh - 160015","+(91)-172-2543956 , +(91)-9417323887 , 2783373",http://www.davchandigarh.com,,3.8,"Schools , CBSE Schools , Boarding Schools , English Medium Schools"
Crb Public School,"Chandigarh, Chandigarh - 160002, Sec-7b","+(91)-172-2795875 , +(91)-9815132466",,,0.0,"Schools , English Medium Schools"
Hazari LAL Sarv Hitkari Vidhyalaya,"257 , Industrial Area Phase Ii, Chandigarh - 160002, Ram Darbaar",+(91)-172-2659711,,,0.0,"Schools , English Medium Schools"
Seventh Day Adventist Elementary School Baby Day,"Chandigarh Sector 41, Chandigarh - 160036, Near Shivalik Public school,sector 41 b","+(91)-172-2629354 , +(91)-9878331508",,,4.5,"Schools , Kindergartens"
Joyland Montessori School,"Chandigarh Sector 38c, Chandigarh - 160036",+(91)-9872227670,,,0.0,Schools
Chandigarh Preparatory School,"638, Chandigarh Sector 11, Chandigarh - 160011",+(91)-172-2746968,,,0.0,Schools
Dav Model Sr Sec School,"Sector-12, Chandigarh - 160011",+(91)-172-5439564,,,0.0,Schools
V B Intl School,"Ambala Rd, Zirakpur, Chandigarh - 160101, Bishan Pura",+(91)-172-5040144,,,0.0,Schools
Greenways School,"Greenways School, Town Manimajra, Mani Majra, Chandigarh - 160101, Chandigarh",,,,0.0,Schools
GREEN JYOTI MODEL SCHOOL,"main road , plot no -167 , Sector -55 , vill. Pulsora , Mohali Chandigarh, Chandigarh - 160059","+(91)-9464120624 , 8283838294",,,0.0,"Schools , CBSE Schools , English Medium Schools"
St Vivekanand Millennium School,"Mani Majra, Chandigarh - 160101",+(91)-172-6457452,,,0.0,Schools
Little Flower School,"Mani Majra, Chandigarh - 160101, Near Housing Board Chowk","+(91)-172-2732732 , +(91)-9815737873",,,4.5,"Schools , International Schools , Convent Schools , Hindi Medium Schools"
Govt Sr Sec School,"Khudda Lahora, Chandigarh - 160014, Near Pgi",+(91)-172-2789202,http://www.gmsssklahora.com,,0.0,"Schools , CBSE Schools"
Swami Ram Tirtha Public High School,"Mohali Sas Nagar, Mohali - 160055, PH-4","+(91)-172-2227409 , 6543006",,,5.0,"Schools , Nursery Schools"
Max Aruther Macaulife Public School,"1106, Mohali SAS Nagar, Mohali - 160055, Phase-5",,,,0.0,Schools
B N Sr Sec School,"Panchkula, Panchkula - 134109, Sec-12",+(91)-9814015070,,,0.0,Schools
B N Sr Sec School,"Panchkula, Panchkula - 134109, Opp H No-677,Sec-12",+(91)-172-2564543,,,0.0,"Schools , English Medium Schools"
Grandmaas Day Boarding School,"1133, Panchkula, Panchkula - 134109, Sec-10, Bh Hotel Prabhat Inn",,,,0.0,"Schools , Boarding Schools , Playgroups , Kindergartens"
SHEMROCK SMILES,"Disha Arcade, Mansa Devi Cplx Rd, Panchkula, Panchkula - 134109","+(91)-172-3092631 , +(91)-9815369423",,,0.0,"Schools , School Preperatory"
Gyandeep Public School,"Panchkula, Panchkula - 134109, Sec-18","+(91)-172-2598210 , 2596067",,,4.0,"Schools , English Medium Schools"
Andale Public School,"Panchkula Sector 9, Panchkula - 134109, Sectot-9,Near Community Center, Opposite Khoti No-738","+(91)-172-2569485 , +(91)-8427700055",,,0.0,"Domestic Courier Services , Courier Services , Schools , CBSE Schools , Cargo Agents , Cargo Services"
Haryana Model Sen. Sec. Sch.,"Panchkula - 134109, Sector -10",+(91)-172-2561731,,,0.0,Schools
Ningania Vidya Mandir,"Village Shajanpur Po Raipur Rani Panchakula, Panchkula, Panchkula - 134109",+(91)-172-2254297,,,0.0,"Schools , CBSE Schools , English Medium Schools"
ST Teresa Convent School,"Sector 25, Panchkula 134106, Panchkula, Panchkula - 134109",+(91)-172-2550770,,,4.0,"Schools , CBSE Schools , English Medium Schools , Convent Schools"
Shiri Ganesh Play Way School,"399, Paunchkula, Panchkula - 134109","+(91)-172-2552350 , +(91)-9888954358",,,0.0,"Schools , Primary Schools"
Saraswati Public School,"Village Nada, Near Nada Sahid Gurudwara, Panchkula, Panchkula - 134109, Panchkula",+(91)-9417591241,,,0.0,"Schools , English Medium Schools"
Stella Maris Public School,"Stella Maris Public School, Mansa Devi Complex, Sector 4, Panchkula, Panchkula, Panchkula - 134109",+(91)-172-2555083,,,5.0,Schools
Butterfly Preparatory School,"Sco 78, Panchkula, PANCHKULA - 134109, Sector 10",+(91)-172-5540330,,,0.0,Schools
Euro Kids,"Maloya Colony, Chandigarh - 160025, Phase 4, Opposite Kalyan Jewellers, Near Cheema Hospital","+(91)-172-3247019 , +(91)-9501177772",,,4.0,"Schools , Nursery Schools , School Preperatory"
RASHIDIYA CONVENT SCHOOL,"SCF-4, phase -5, Saini vihar, baltana, Baltana, Zirakpur - 140603, Chd-baltana road",+(91)-9814327006,,,4.0,"Schools , Playgroups , Convent Schools"
Amravati Vidyalaya,"Gk Panchkula, Panchkula - 134108",+(91)-9896786622,,,0.0,Schools
Chandigarh Public School,"Sharma 4, Near Tribune Colony, Baltana, Zirakpur - 140604, Shyam Nagar",+(91)-9988887318,,,0.0,Schools
Manav Mangal High School,"Mohali, Chandigarh - 160062",+(91)-7355563111,,,0.0,Schools
The Millennium School,"Mohali, Chandigarh - 160062",+(91)-9501119661,,,0.0,Schools
Bethsaida playway & kids club,"Scf 55, First floor, phase 6, Mohali, Chandigarh - 160062, Main market","+(91)-8872203639 , 9878120170",,,0.0,Schools
Chandigarh Public School,"Plot No-4, Mohali, Chandigarh - 160062, Near Tribune Colony,Sham Nagar","+(91)-1762-526130 , +(91)-9877032140",,,0.0,"Schools , English Medium Schools"
Path finder High school,"Sector-69, Mohali, Chandigarh - 160062","+(91)-172-5099654 , +(91)-9815559916 , 7355549654",,,4.0,"Schools , CBSE Schools , Playgroups"
Chandigarh Public School,"# 4 Shyam Nagar, Opp. Tribune Colony, Baltana, Zirakpur - 140603, Baltana","+(91)-9888322035 , 9877032140",,,0.0,"Schools , English Medium Schools"
Vijay Public School,"Mohali Chandigarh, Chandigarh - 160055, Sec-58","+(91)-172-5095226 , +(91)-9417382339",,,0.0,"Schools , School Preperatory"
Gurukul World,"Gurukul World, Sector 69, Mohali, Sohana, Mohali - 140308",+(91)-160-2217900,,,4.0,Schools
Hariyana Model Sr Sec School,"Panchkula, Panchkula - 134114, Sec-10","+(91)-172-3251360 , +(91)-9888331428 , 9988354522",,,0.0,Schools
Dishant Global School,"Sector-12, Panchkula, Panchkula, Panchkula - 134114",,,,0.0,Schools
Hansraj Public School,"Panchkula Sector 6, Panchkula - 134109",+(91)-172-5748000,,,0.0,Schools
Hansraj Public School,"Panchkula Sector 6, Panchkula - 134109",+(91)-172-5657011,,,0.0,Schools
Paathshala A Prepratory Playway Activity School,"52-53, Zirakpur, Chandigarh - 140105, Mamta Encl, Bh Nimantran Banquet Hall, Dhakoli",+(91)-9988778278,http://www.facebook.com/thepaathshalaschool,,5.0,"Schools , Language Classes For English , Playgroups , Day Care Centres , Kindergartens , Nursery Schools , Activity Clubs"
Tender Buds,"#22 sigma city, logarh road, Zirakpur HO, Zirakpur - 140105, zirakpur",+(91)-8146655522,,,0.0,"Schools , Playgroups , Day Care Centres , Nursery Schools , Kindergartens , Creche , Activity Clubs , Pre Nursery Schools , Junior KG , Day Nurseries, Nursery Schools & Kindergardens , Senior KG"
Defence Smart Public School,"891, Saini Vihar, Phase 3, Zirakpur Ho, Zirakpur - 140105, Baltana",+(91)-1762-509943,,,0.0,Schools
Bright Public School,"C-54, Indl Area Chandigarh, Chandigarh - 160055, PH-3,Indl Area",+(91)-172-2683089,,,0.0,Schools
Lala Deep Chand Jain Public School,"Mahmad Pur Rd, Mohali Sas Nagar, Mohali - 160055, Derabassi","01762284069 ,  01762645895 , 01762284069 , 01762645895",,,0.0,Schools
St Xaviers Sr Sec Schools,"Mohali Sas Nagar, Mohali - 160055, Sec-71","+(91)-172-2278333 , 2266218",,,5.0,Schools
Sacred Dales Public School,"K No-1114, Mohali SAS Nagar, Mohali - 160055, PH-5",+(91)-172-2675253,,,0.0,Schools
Path Finder High School,"Mohali SAS Nagar, Mohali - 160055, Sec-69",+(91)-172-5099654,,,0.0,Schools
ESS KAY Public School & College,"Scf 45, Phase .6, Mohali SAS Nagar, Mohali - 160055",+(91)-9815546519,,,2.5,Schools
Mountview Public School,"Zirakpur-Panchkula Highway Baltana, Mohali Sas Nagar, Mohali - 160055","+(91)-172-2270370 , +(91)-9814680841",,,0.0,Schools
Lemmon World School,"Lemmon World School, Greater Mohali, Thanderzone Amusement Park, Mohali Sas Nagar, Mohali - 160055, ...",+(91)-9501336655,,,0.0,Schools
Mehar Model High School (Reg),"Mehar Model High School, Village Kambala, Mohali, Mohali Sas Nagar, Mohali - 160055, Near Govt. Scho...",+(91)-9814861370,,,5.0,Schools
Harriosn Public School,"D-151, Mohali Sas Nagar, Mohali - 160055, PH-8",+(91)-172-2221206,,,0.0,Schools
