Ssvm World School,"No 72/2, Vaigai Nagar Singanallur To Vellalore Road Pattanam, Ondipudur, Coimbatore - 641016",+(91)-422-3358416,http://www.ssvmws.com,2009,4.4,"Schools , CBSE Schools , International Schools"
Parth International School,"No 105, Mtp Road Ruckammal Colony, Thudialur, Coimbatore - 641034, Opposite Viswanathapuram Near Kan...",+(91)-422-3372325,http://www.parthglobal.org,*basic Facilities-,4.7,"Schools , CBSE Schools , English Medium Schools , ICSE Schools , International Schools , Kindergartens , Pre Nursery Schools , Day Nurseries, Nursery Schools & Kindergardens"
The New School,"No 51, Curio Garden, Ganga Street, Vadavalli, Coimbatore - 641041, Navavoor Pirivu",+(91)-422-3361494,,2013,5.0,"Schools , Playgroups , Nursery Schools , Kindergartens , Montessori Schools , Pre Nursery Schools , Junior KG"
Maharishi Vidya Mandir Senior Secondary School,"559 Ramanis Mayuri, Thudialur Road, Chinnavedampatti, Coimbatore - 641049, Near Sunambu Kalvai Bus S...",+(91)-422-3373934,http://www.mvmcbe.com,Classes : Pre Kg  To  8th Std,4.2,"Schools , CBSE Schools , English Medium Schools , Nursery Schools , Senior Secondary Schools , Primary Schools"
Nakshatra International School,"No 1 Meenakshi Gardens, Mettupalayam Road, Thudialur, Coimbatore - 641034, Opposite To Vg Hospital",+(91)-422-3358009,http://www.nakshatraschool.com,2012,3.8,"Schools , CBSE Schools , Playgroups , International Schools , Kindergartens , Pre Nursery Schools"
Githanjali Public School,"No 383/1, Near Codissia Fair Grounds, Peelamedu, Coimbatore - 641004, Near Isckon",+(91)-422-3373383,http://www.githanjalipublicschool.com,2002,4.7,"Schools , CBSE Schools , English Medium Schools , ICSE Schools , Convent Schools , Nursery Schools , Kindergartens , High School , Public Schools , Senior Secondary Schools , School For Girls , Pre Nursery Schools , IGCSE Schools , Rbse Schools , Primary Schools , School Co Education , Day Nurseries, Nursery Schools & Kindergardens"
Victory Vidyalaya Matric Hr Sec School,"No 76, Victory Nager, Saravanampatti, Coimbatore - 641035, Near By Kappikadai Bus Stop",+(91)-422-3373392,http://www.victoryvidhyalaya.com,2002,5.0,"Schools , CBSE Schools , Boarding Schools , English Medium Schools"
Nise Nagarathinam International School Of Excellence,"Voc Colony Ellai Thottam Road, Peelamedu, Coimbatore - 641004, Backside Of Psg Tech",+(91)-422-3358187,http://www.nise.in,* Std : Pre Kg To 5th Std,4.0,"Schools , CBSE Schools , ICSE Schools , High School"
T V Sekharan Memorial Matriculation Hr Sec School,"No 5/7A, Perur Road Gokulam Colony, Kovaipudur, Coimbatore - 641042",+(91)-422-3361327,,1993,5.0,"Schools , Boarding Schools , Playgroups , English Medium Schools , Day Care Centres , Convent Schools , Kindergartens , Correspondence Schools , Residential Schools In Coimbatore"
K G Public Matric Hr Sec School,"K G Matric School Road, Pachapalayam, Perur, Coimbatore - 641010, Perur Via,",+(91)-422-3361509,http://www.kgpublicschool.com,2011,4.0,"Schools , CBSE Schools , Boarding Schools , English Medium Schools , ICSE Schools , International Schools , Convent Schools , CBSE Boarding Schools , Correspondence Schools , NOS Schools"
Manchester International School,"Sf No 29/3, Hudco Colony, Vellakinar, Coimbatore - 641029, Near Housing Unit",+(91)-422-3361000,http://www.manchesters.in,2009,4.0,"Schools , CBSE Schools , English Medium Schools , International Schools"
The Adhyayana International Public School,"No 518, Thondamputhur Road, Vadavalli, Coimbatore - 641041, Lakshmi Nagar Arch",+(91)-422-3361150,http://www.theadhyayana.in,2011,4.5,"Schools , CBSE Schools , International Schools , Public Schools"
Nava Bharat National School,"Sf No 142/2, Sathy Main Road, Annur, Coimbatore - 641653",+(91)-422-3371245,http://www.navabharath.net,2007,4.4,"Schools , CBSE Schools , Boarding Schools , English Medium Schools , International Schools , Convent Schools , Nursery Schools , Girls Boarding Schools , CBSE Boarding Schools , Senior Secondary Schools , Boys Boarding Schools , Day Boarding Schools , Pre Nursery Schools , CBSE Boarding Schools For Girls , CBSE Boarding Schools For Boys , Primary Schools"
Kennedy Matric Higher Secondary School,"Trichy Road, Mathiazagan Nagar, Sulur, Coimbatore - 641402",+(91)-422-3356738,http://www.kennedyschoolsulur.com,1984,3.0,"Schools , English Medium Schools , Schools- Academic- Elementary & Secondary"
Reeds World School,"S F No 40 Globuse Gardens, Thottipalayam Pirivu Road Kaikolampalayam, Chinniampalayam, Coimbatore - ...",+(91)-422-3371734,http://www.reedsws.com,Classes Taken On 2013-2014 Is Pre K G To 7th Std,4.3,"Schools , CBSE Schools , Boarding Schools , English Medium Schools , International Schools , CBSE Boarding Schools"
Sri Ambal Public School,"SRS Nagar, , Mettupalayam (Tk), Coimbatore - 641302, Sirumugai",+(91)-422-3359373,http://www.ambalschools.com,2009,4.3,"Schools , CBSE Schools , Boarding Schools , English Medium Schools , CBSE Boarding Schools , Senior Secondary Schools"
Ruby Matric Higher Secondary School,"New Keeranatham Road, Saravanampatti, Coimbatore - 641035, Near Kgisl",+(91)-422-3373701,http://www.rubyschool.in,1998,4.1,"Schools , English Medium Schools , Nursery Schools , High School , Primary Schools"
Tiny wingz play school & day care,"12 F 1st Floor, Raja Gopal Street, Kovai Thiru Nagar, Coimbatore Aerodrome, Coimbatore - 641014, Nea...",+(91)-422-3361064,http://www.tinywingz.com,2014,4.7,"Schools , Playgroups , Day Care Centres , Summer Camps , Summer Camp For Kids , Summer Camps For Chess , Summer Camp For Children , Yoga Camp"
Nairs Educational Institutions,"Ammans Nagar II, N G G O Colony, Coimbatore - 641022","+(91)-422-2642277 , +(91)-9786578655 , +(91)-9842978655 , 2522480 , 2909479",http://www.nairsvidhyamandhir.com,1999,5.0,"Schools , CBSE Schools , English Medium Schools , Educational Institutions , Nursery Schools , High School , Public Schools , Senior Secondary Schools , Primary Schools"
Anugraha Mandhir School,"Sf No 54/3, Appanayakkanpatti Main Road, Sulur, Coimbatore - 641402",+(91)-9360097005,http://www.anugrahaschools.com,2009,4.6,"Schools , Boarding Schools"
Vidhya Niketan Matriculation Higher Secondary School,"No 21/17-18, Puliyakulam Road, Puliyakulam, Coimbatore - 641045","+(91)-422-2223466 , 2221131",http://www.vidhyaniketan.com,,4.3,Schools
National Model Matriculation Higher Secondary School,"Avinashi Road, Peelamedu, Coimbatore - 641004","+(91)-422-2575544 , +(91)-9944491119 , 2575318 , 2591157",http://www.nationalmodelschool.com,,0.0,"Schools , CBSE Schools , English Medium Schools"
Suguna Pip School,"Kalapatty Road, Coimbatore Aerodrome, Coimbatore - 641014, Nehru Nagar","+(91)-422-2901210 , +(91)-9363209000 , 9344397470 , 9360075535 , 3244668 , 3244688",http://www.sugunapips.in,,4.2,"Schools , CBSE Schools , English Medium Schools"
Yuva Bharathi Public School,"YUVA Enclave, Thudiyalur Road, Coimbatore Central, Coimbatore - 641018, Somayampalayam Post","+(91)-422-6451127 , 3264848",http://www.yuvabharathi.ac.in,,4.1,"Schools , CBSE Schools , English Medium Schools"
Vidyaa Vikas Matriculation Higher Secondary School,"No 1/123, Mettupalayam Road, Karamadai, Coimbatore - 641104, Chikkarampalayam Post","+(91)-4254-272799 , +(91)-9487746999 , 271994",http://www.vidyaavikas.ac.in,,4.3,"Schools , English Medium Schools"
Stanes Anglo Indian Higher Secondary School,"Avinashi Road, Coimbatore Central, Coimbatore - 641018","+(91)-422-2213952 , 2217900",,,4.4,Schools
Kendriya Vidyalaya,"Meena Estate, Sowripalayam Road, Sowripalayam, Coimbatore - 641028",+(91)-422-2317030,http://www.kvcoimbatore.tn.nic.in,,4.3,"Schools , CBSE Schools , English Medium Schools"
The Indian Public School,"193, Sathy Road S.S. Kulam, Ganesapuram, Coimbatore - 641107, Near Info College","+(91)-422-6472222 , 2366666",http://www.theindianpublicschool.com,,4.3,"Schools , IGCSE Schools"
G D Matriculation Higher Secondary School,"No 2, K K Lane Old Post Office Road, Coimbatore Central, Coimbatore - 641018, Near Collectrate","+(91)-422-2303770 , 2300170",http://www.gdschoolcbe.com,,0.0,"Schools , English Medium Schools , Schools Nursery To VII"
Perks Matriculation Higher Secondary School,"No 57, Uppilipalayam, Coimbatore - 641015, Near Boat House","+(91)-422-2574290 , 2580709 , 3195290",,,4.2,"Schools , English Medium Schools"
The Psbb Millennium School,"No 237 & 238, Somayampalayam, Coimbatore - 641108","+(91)-422-2908237 , +(91)-9597494242 , 2400333 , 2402333",http://www.psbbmillenniumschool.org,,4.3,"Schools , CBSE Schools , CBSE Boarding Schools"
Chinmaya Vidyalaya CBSE Curriculum,"Thondamuthur Road, Vadavalli, COIMBATORE - 641041, Near Vadavalli Bus Terminus","+(91)-422-2423052 , +(91)-9944205803",,,4.0,"Schools , CBSE Schools , English Medium Schools"
Chinmaya International Residential School,"Siruvani Road, Karunyanagar, Coimbatore - 641114, Nallur Vayal P O","+(91)-422-2613303 , 2613317",http://www.cirschool.org,,4.5,"Schools , CBSE Schools , English Medium Schools , Residential Schools In Coimbatore"
Sboa Matriculation Higher Secondary School,"Telungapalayam, Coimbatore - 641039, Chokkampudur Beside Gandhi Park","+(91)-422-2470143 , 2470633",http://www.sboacbe.com,,4.2,Schools
PSG Public Schools,"Avinashi Road, Peelamedu, Coimbatore - 641004","+(91)-422-4344220 , 6530010 , 4344522",,,4.1,"Schools , CBSE Schools , English Medium Schools"
Avila Convent Matriculation Higher Secondary School,"Thadagam Road Sathy Road, Velandipalayam, Coimbatore - 641025, Near Amman Kovil","+(91)-422-2432443 , 2434404",,,4.1,"Schools , CBSE Schools"
Bharathi Matriculation Higher Secondary School,"No 307, Thadagam Road, Govt College Of Technology, Coimbatore - 641013, Opposite Government College ...",+(91)-422-2452187,,,4.3,"Schools , English Medium Schools , High School"
Yellow Train School,"No 80 / 70, Valluvar Street, Gandhipuram Coimbatore, Coimbatore - 641012, Sivananda Colony Opposite ...","+(91)-422-4521421 , +(91)-8870080060 , 9500675865 , 8220291777",http://www.yellowtrainschool.com,,4.1,"Schools , Playgroups , Kindergartens"
C S Academy,"Orchids Office, Vlb Engineering College Road, Kovaipudur, Coimbatore - 641042",+(91)-9487512481,http://www.csacademy.in,,4.2,"Schools , CBSE Schools , English Medium Schools , ICSE Schools"
Kendriya Vidyalaya,"No 5 Brd, Air Force Station, Kangayampalayam, Coimbatore - 641401, Sulur",+(91)-422-2683473,http://www.kvsulur.org,,4.6,"Schools , CBSE Schools , English Medium Schools"
Suguna Ripv Matriculation School,"No 102, Dr Radhakrishnan Road, Tatabad, Coimbatore - 641012, Doctors Colony","+(91)-422-2526714 , +(91)-9524492522 , 2524242",,,4.3,"Schools , English Medium Schools"
AVB Matriculation Higher Secondary School,"Sf No 272, Mettupalayam Road, Perianaickenpalayam, Coimbatore - 641020, Thekkuapalyam Near Rama Nara...","+(91)-422-6565100 , +(91)-9443999030 , 9787557385 , 2697179 , 2697189",http://www.avbschool.com,,4.3,"Schools , Boarding Schools"
Indian Public School,"Tatabad, Coimbatore - 641012","+(91)-422-6457777 , 6456666",,,4.0,Schools
Bharatiya Vidya Bhavan Matriculation Higher Secondary School,"No 582, D B Road, R S Puram, Coimbatore - 641002, Near Eye Foundation","+(91)-422-2556351 , 2542481",,,4.2,"Schools , English Medium Schools"
Camford International School,"No 574/1, Ganapathy, Coimbatore - 641006, Near Bus Stand Maniyakaranpalayam","+(91)-422-6056660 , +(91)-9688666662 , 9688666663 , 9688666661 , 6056661",http://www.thecamford.org,,3.9,"Schools , CBSE Schools , English Medium Schools"
GRG Matriculation Higher Secondary School,"Avinashi Road, Peelamedu, Coimbatore - 641004, Near Proprer Hope College",+(91)-422-3213200,http://www.grgmhss.org,,3.9,Schools
Air Force School,"Inside Air Force College Campus, Dr Kamraj Road, Coimbatore Central, COIMBATORE - 641018, Red Field ...",+(91)-422-2220321,http://www.afschoolcbe.in,,4.3,"Schools , CBSE Schools , English Medium Schools"
Delhi Public School,"Vadavalli Thondamuthur Road, Thondamuthur, Coimbatore - 641109, Onapalayam Village Deenampalayam Post",,http://www.dpscoimbatore.com,,3.9,"Schools , CBSE Schools , English Medium Schools"
Mani Higher Secondary School,"Nethaji Road, Papanaickenpalayam, Coimbatore - 641037",+(91)-422-2243406,,,4.4,Schools
ST Josephs Matriculation Higher Secondary School,"No 1591, Trichy Road, Coimbatore Central, Coimbatore - 641018",+(91)-422-2302443,,,4.6,Schools
Alvernia Matriculation Higher Secondary School,"Trichy Road, Ramanathapuram Coimbatore, Coimbatore - 641045","+(91)-422-2316479 , 2316205",,,4.3,"Schools , Schools- Academic- Elementary & Secondary"
GRD CPF Matriculation School,"No 1/1220, Avinashi Road, Chinniampalayam, Coimbatore - 641062, Neelambur Opposite Psg Foundry Divis...","+(91)-422-3205757 , +(91)-9842225005",,,3.8,Schools
Lisieux Matriculation Higher Secondary School,"No 4, Alagesan Road, Saibaba Colony, Coimbatore - 641011","+(91)-422-2440537 , 2441150",http://www.lisieuxmhss.com,,4.4,Schools
Carmel Garden Matriculation Higher Secondary School,"Puliakulam Road, Ramanathapuram Coimbatore, Coimbatore - 641045",+(91)-422-2220904,http://www.carmel.ac.in,,4.0,"Schools , English Medium Schools"
St Francis Anglo Indian Girls High School,"No 1591, Trichy Road, Coimbatore Central, Coimbatore - 641018, Near General Hospital",+(91)-422-2301519,,,4.1,"Schools , School For Girls"
Isha Home School,"Coimbatore Ho, Coimbatore - 641001, Velliangiri Foothills Semmedu Post","+(91)-422-2515444 , 2515445",http://www.ishahomeschool.org,,4.2,"Schools , English Medium Schools , ICSE Schools , Isc Schools , Residential Schools In Coimbatore"
Vidhya Niketan Matric HR Sec School,"361,363/1, Vilankurichi Road, Vilankurichi, Coimbatore - 641035",+(91)-422-2665377,,,4.2,Schools
Vivekalaya Matriculation School,"No 1602, Trichy Road, Coimbatore - 641018, Opp To Richmend Hospital","+(91)-422-4391232 , 2303392",,,4.4,Schools
Presentation Convent Higer Secondary School,"No 17, Head Post Office Road, Coimbatore Ho, Coimbatore - 641001",+(91)-422-2392458,,,4.1,Schools
Psg Saravajana Higher Secondary School,"Peelamedu, Coimbatore - 641004, Avinashi Road","+(91)-422-2572310 , 6579149",,,4.7,"Schools , English Medium Schools , Tamil Medium Schools"
G R Damodaran Matric Higher Sec School,"Avinashi Road, Coimbatore Aerodrome, Coimbatore - 641014, Opp To Gpt","+(91)-422-2573441 , 2591862",http://www.grd.org,,4.3,Schools
Vidya Vikasini Matriculation Higher Secondary School,"No 66-D, Mettupalayam Road, Thudialur, Coimbatore - 641034, Near Venugopal Hospital",+(91)-422-2642284,http://www.vidyavikasini.org,,4.3,"Schools , English Medium Schools , Senior Secondary Schools"
CMS Matriculation Higher Secondary School,"Sathy Road, Ganapathy, Coimbatore - 641006","+(91)-422-2531050 , 2535024 , 2530037",,,4.1,"Schools , English Medium Schools"
Delhi Public School,"3 Rd Floor Abovr ICICI Bank, D B Road, R S Puram, Coimbatore - 641002","+(91)-422-2477118 , 2474118",,,4.2,Schools
CSI Boys Higher Secondary School,"Ismail Street, Coimbatore Ho, Coimbatore - 641001","+(91)-422-2396610 , +(91)-9443017525",,,3.9,"Schools , English Medium Schools , Tamil Medium Schools"
Amrita Vidyalayam,"Nallampalayam Road, Ganapathy, Coimbatore - 641006, Ramasamy Nagar 2nd Extension Kavundampalayam","+(91)-422-2538326 , +(91)-9944207941 , 9443384495 , 2537537",http://www.amritavidyalayam.org,,4.3,"Schools , CBSE Schools , English Medium Schools"
Sri Ramakrishna Matriculation Higher Secondary School,"SNR College Road, Avarampalayam, Coimbatore - 641006","+(91)-422-2562799 , 2561460",,,4.5,Schools
Satchidananda Jothi Niketan Matriculation School,"120, Kallar, Mettupalayam, Coimbatore - 641301, Near Kallar Bus Stop",+(91)-4254-225465,,,4.3,Schools
Chandrakanthi Public School,"Tex Park Road, Coimbatore Aerodrome, Coimbatore - 641014","+(91)-422-3222242 , +(91)-9789650505 , 9952334343",http://www.grgeducation.com,,0.0,"Schools , CBSE Schools , English Medium Schools"
BVM Global School,"No 635 680/6 681/1 Kathirivan Gardens, Off Trichy Road, Singanallur, Coimbatore - 641005, Behind Cen...","+(91)-422-2314973 , 6471116",http://www.bvmglobal.org,,3.9,"Schools , CBSE Schools , English Medium Schools"
Nirmala Matha Matriculation Higher Secondary School,"Kunniyamuthur, Coimbatore - 641008",+(91)-422-2250324,http://www.nirmalamathakuniamuthur.com,,4.1,"Schools , English Medium Schools , ICSE Schools , ICSE Boarding Schools"
Sri Baldevdas Kikani Vidyamandir Higher Secondary School,"Sastri Road, R S Puram, Coimbatore - 641002",+(91)-422-2554733,,,4.3,Schools
DR Dasarathan International School,"No 3/31, Mettupalayam Main Road, Vadamadurai Kurudampalayam, Coimbatore - 641017, Thoppampatti Piriv...","+(91)-9489663338 , 9489663339",http://www.dasarathanschool.com,,4.3,"Schools , CBSE Schools , Boarding Schools , English Medium Schools , ICSE Schools , International Schools , Convent Schools , School Pre Primary , IGCSE Schools , Correspondence Schools , Isc Schools , Schools Pre Primary 1 , Primary Schools , NOS Schools , IB Schools"
Sri Baldevdas Kikani Vidyamandir High School,"No 9, Rangaswamy Road, R S Puram, Coimbatore - 641002",+(91)-422-2552124,,,4.2,"Schools , Nursery Schools , Primary Schools , Schools- Academic- Elementary & Secondary"
Shri Nehru Vidyalaya Matriculation HR Sec School,"No 26, Robertson Road, R S Puram, Coimbatore - 641002","+(91)-422-2473109 , 2470791",,,4.2,Schools
Psgr Krishnammal Higher Secondary School For Girls,"Avinash Road, Peelamedu, Coimbatore - 641004, Near Police Station","+(91)-422-2572900 , +(91)-9994566911",http://www.grgeducation.com,,4.0,"Schools , Girls Boarding Schools , School For Girls"
Angappa CBSE Senior Higher Secondary School,"Raja Annamalai Road, Saibaba Colony, Coimbatore - 641011, Near Loom World","+(91)-422-2447532 , 2215644",,,3.9,Schools
Yuvabharathi Nursery School,"No 40, Bharathi Park Road 2nd Cross, Saibaba Colony, Coimbatore - 641011",+(91)-422-2432721,http://www.yuvabharathi.ac.in,,3.9,"Schools , Nursery Schools"
R K Sree Rangammal Kalvi Nilayam Higher Secondary School,"No 91, Avinashi Road, Coimbatore Central, Coimbatore - 641018, Near Voc Park Opposite LIC","+(91)-422-2215085 , 6523455",,,4.2,Schools
Hindusthan Matriculation HR Sec School,"Sowripalayam, Coimbatore - 641028, Behind Nava India Hindusthan Garden","+(91)-422-2562633 , 6530042",,,4.1,Schools
Sri Gopal Naidu Higher Secondary School,"Peelamedu, Coimbatore - 641004, Bharathi Nagar",+(91)-422-2561787,,,4.3,Schools
Sri Sowdeswari Vidyalaya Matriculation Higher Secondary School,"Ramamurthy Road, Selvapuram, Coimbatore - 641026","+(91)-422-2345400 , 2340090",,,4.3,"Schools , Primary Schools"
Vivekam International Public CBSC School,"No 345, Thudialur Road, Saravanampatti, Coimbatore - 641035","+(91)-422-6464455 , +(91)-9500444459",,,4.0,"Schools , CBSE Schools , English Medium Schools"
Vedanta Academy,"Sf No 342, Seerapalayam Pollachi Road, Malumichampatti, Coimbatore - 641050, Malumichampatti",+(91)-422-3358707,http://www.vedantaacademy.in,,4.2,"Schools , CBSE Schools , Boarding Schools , English Medium Schools , Convent Schools , IGCSE Schools , Gseb Schools , Correspondence Schools , Isc Schools , Rbse Schools , IB Schools , NOS Schools , Wbse Schools"
Gedee Public School,"No 634/2, Eachnari To Chettiplayam Road, Eachanari, Coimbatore - 641021, Opposite Eachnari Temple","+(91)-422-6464777 , +(91)-9629942640 , 6464888",http://www.gedeepublicschool.com,,4.1,"Schools , CBSE Schools"
Sri Jayendra Saraswathi Vidyalaya Matriculation Higher Secondary School,"No 182, Aerodrome Road, Singanallur, Coimbatore - 641005","+(91)-422-6585107 , 2270616",,,4.3,Schools
Park Global School,"Kalapatti Road, Coimbatore Aerodrome, Coimbatore - 641014, Sitra",+(91)-422-2627255,http://www.parkglobalschool.com,,3.7,"Schools , CBSE Schools , English Medium Schools"
Manchester International School,"No 12, Sathyamoorthi Road, Ramnagar, Coimbatore - 641009, Near Tharakaram Silks","+(91)-422-6455556 , +(91)-9244655556 , 9244444466 , 9244555557 , 6455557 , 6555551 , 6555552 , 6555553 , 6555554",http://www.manchesters.in,,4.0,"Schools , CBSE Schools , Boarding Schools , English Medium Schools , ICSE Schools , International Schools , Nursery Schools , Public Schools , Montessori Schools , IGCSE Schools , IGCSE Boarding Schools , School Co Education , IB Schools , Schools In Ooty"
Coimbatore Public School,"S F No 492/2b, 492/1a, Saravanampatti, Coimbatore - 641035, Chinnamettupalayam Near S N S Arts College","+(91)-8883444966 , 8870002502",http://www.coimbatorepublicschool.com,,4.3,"Schools , CBSE Schools , English Medium Schools"
St Joseph Matriculation Higher Secondary School,"Ondipudur, Coimbatore - 641016, Ondipudur",+(91)-422-2271367,,,3.8,"Schools , English Medium Schools"
Vel International Public School,"No 581/1 B, Kng Pudur Road, Kanuvai, Coimbatore - 641108, Opposite Mgm Matriculation & Near Ranganat...","+(91)-422-2400949 , +(91)-9444745000",http://www.velinternational.com,,3.9,"Schools , CBSE Schools , English Medium Schools"
GKD Matriculation Higher Secondary School,"Perianaickenpalayam, Coimbatore - 641020, Srkv Post",+(91)-422-2693336,http://www.gkdschool.com,,4.2,"Schools , Schools- Academic- Elementary & Secondary"
Rathinam International Public School,"No 1318, Avinashi Road, Peelamedu, Coimbatore - 641004, Opposite Suguna Kalyana Mandapam",+(91)-422-4510091,http://www.ripschool.in,,4.1,Schools
Sri Avinashilingam Higher Secondary School For Girls,"Bharathi Park Road Sb Colony, Coimbatore, Coimbatore - 641012",+(91)-422-2437207,,,4.8,"Schools , School For Girls"
Vivekam Matriculation Higher Secondary School,"33. No 4, Veerapandi Road, Coimbatore Press Colony, Coimbatore - 641019, Immaculte Mtric Back Side",+(91)-422-2692808,,,3.8,"Schools , English Medium Schools"
Karunya Christian School,"Karunya University, Karunyanagar, Coimbatore - 641114","+(91)-422-2614830 , +(91)-9487846615 , 2614831 , 2614832",,,0.0,"Schools , CBSE Schools"
Bharatiya Vidya Bhavan Matriculation Higher Secondary School,"Coimbatore Ho, Coimbatore - 641001, Sundapalayam Po Ajjanur","+(91)-422-2474941 , 2474942",,,4.8,Schools
Amrita Vidyalayam Higher Secondary School,"Palakkad Main Road, Madukkarai, Coimbatore - 641105, Ettimadai","+(91)-422-2656621 , 2656770",http://www.amritavidyalayam.org,,4.6,"Schools , CBSE Schools , English Medium Schools"
Csi Girls Higher Secondary School,"Avinashi Road, Coimbatore Central, Coimbatore - 641018","+(91)-422-2213201 , 2215383",,,4.4,"Schools , English Medium Schools , School For Girls , Tamil Medium Schools"
Premier Vidyaa Vikash Matriculation Higher Secondary School,"Uliyampalayam, Thondamuthur, Coimbatore - 641109","+(91)-422-2618822 , 6572555",,,4.1,Schools
Ssvm World School,"No 72/2, Vaigai Nagar Singanallur To Vellalore Road Pattanam, Ondipudur, Coimbatore - 641016",+(91)-422-3358416,http://www.ssvmws.com,2009,4.4,"Schools , CBSE Schools , International Schools"
Parth International School,"No 105, Mtp Road Ruckammal Colony, Thudialur, Coimbatore - 641034, Opposite Viswanathapuram Near Kan...",+(91)-422-3372325,http://www.parthglobal.org,*basic Facilities-,4.7,"Schools , CBSE Schools , English Medium Schools , ICSE Schools , International Schools , Kindergartens , Pre Nursery Schools , Day Nurseries, Nursery Schools & Kindergardens"
The New School,"No 51, Curio Garden, Ganga Street, Vadavalli, Coimbatore - 641041, Navavoor Pirivu",+(91)-422-3361494,,2013,5.0,"Schools , Playgroups , Nursery Schools , Kindergartens , Montessori Schools , Pre Nursery Schools , Junior KG"
Maharishi Vidya Mandir Senior Secondary School,"559 Ramanis Mayuri, Thudialur Road, Chinnavedampatti, Coimbatore - 641049, Near Sunambu Kalvai Bus S...",+(91)-422-3373934,http://www.mvmcbe.com,Classes : Pre Kg  To  8th Std,4.2,"Schools , CBSE Schools , English Medium Schools , Nursery Schools , Senior Secondary Schools , Primary Schools"
Nakshatra International School,"No 1 Meenakshi Gardens, Mettupalayam Road, Thudialur, Coimbatore - 641034, Opposite To Vg Hospital",+(91)-422-3358009,http://www.nakshatraschool.com,2012,3.8,"Schools , CBSE Schools , Playgroups , International Schools , Kindergartens , Pre Nursery Schools"
Githanjali Public School,"No 383/1, Near Codissia Fair Grounds, Peelamedu, Coimbatore - 641004, Near Isckon",+(91)-422-3373383,http://www.githanjalipublicschool.com,2002,4.7,"Schools , CBSE Schools , English Medium Schools , ICSE Schools , Convent Schools , Nursery Schools , Kindergartens , High School , Public Schools , Senior Secondary Schools , School For Girls , Pre Nursery Schools , IGCSE Schools , Rbse Schools , Primary Schools , School Co Education , Day Nurseries, Nursery Schools & Kindergardens"
Nise Nagarathinam International School Of Excellence,"Voc Colony Ellai Thottam Road, Peelamedu, Coimbatore - 641004, Backside Of Psg Tech",+(91)-422-3358187,http://www.nise.in,* Std : Pre Kg To 5th Std,4.0,"Schools , CBSE Schools , ICSE Schools , High School"
Victory Vidyalaya Matric Hr Sec School,"No 76, Victory Nager, Saravanampatti, Coimbatore - 641035, Near By Kappikadai Bus Stop",+(91)-422-3373392,http://www.victoryvidhyalaya.com,2002,5.0,"Schools , CBSE Schools , Boarding Schools , English Medium Schools"
T V Sekharan Memorial Matriculation Hr Sec School,"No 5/7A, Perur Road Gokulam Colony, Kovaipudur, Coimbatore - 641042",+(91)-422-3361327,,1993,5.0,"Schools , Boarding Schools , Playgroups , English Medium Schools , Day Care Centres , Convent Schools , Kindergartens , Correspondence Schools , Residential Schools In Coimbatore"
K G Public Matric Hr Sec School,"K G Matric School Road, Pachapalayam, Perur, Coimbatore - 641010, Perur Via,",+(91)-422-3361509,http://www.kgpublicschool.com,2011,4.0,"Schools , CBSE Schools , Boarding Schools , English Medium Schools , ICSE Schools , International Schools , Convent Schools , CBSE Boarding Schools , Correspondence Schools , NOS Schools"
Manchester International School,"Sf No 29/3, Hudco Colony, Vellakinar, Coimbatore - 641029, Near Housing Unit",+(91)-422-3361000,http://www.manchesters.in,2009,4.0,"Schools , CBSE Schools , English Medium Schools , International Schools"
The Adhyayana International Public School,"No 518, Thondamputhur Road, Vadavalli, Coimbatore - 641041, Lakshmi Nagar Arch",+(91)-422-3361150,http://www.theadhyayana.in,2011,4.5,"Schools , CBSE Schools , International Schools , Public Schools"
Nava Bharat National School,"Sf No 142/2, Sathy Main Road, Annur, Coimbatore - 641653",+(91)-422-3371245,http://www.navabharath.net,2007,4.4,"Schools , CBSE Schools , Boarding Schools , English Medium Schools , International Schools , Convent Schools , Nursery Schools , Girls Boarding Schools , CBSE Boarding Schools , Senior Secondary Schools , Boys Boarding Schools , Day Boarding Schools , Pre Nursery Schools , CBSE Boarding Schools For Girls , CBSE Boarding Schools For Boys , Primary Schools"
Kennedy Matric Higher Secondary School,"Trichy Road, Mathiazagan Nagar, Sulur, Coimbatore - 641402",+(91)-422-3356738,http://www.kennedyschoolsulur.com,1984,3.0,"Schools , English Medium Schools , Schools- Academic- Elementary & Secondary"
Reeds World School,"S F No 40 Globuse Gardens, Thottipalayam Pirivu Road Kaikolampalayam, Chinniampalayam, Coimbatore - ...",+(91)-422-3371734,http://www.reedsws.com,Classes Taken On 2013-2014 Is Pre K G To 7th Std,4.3,"Schools , CBSE Schools , Boarding Schools , English Medium Schools , International Schools , CBSE Boarding Schools"
Sri Ambal Public School,"SRS Nagar, , Mettupalayam (Tk), Coimbatore - 641302, Sirumugai",+(91)-422-3359373,http://www.ambalschools.com,2009,4.3,"Schools , CBSE Schools , Boarding Schools , English Medium Schools , CBSE Boarding Schools , Senior Secondary Schools"
Tiny wingz play school & day care,"12 F 1st Floor, Raja Gopal Street, Kovai Thiru Nagar, Coimbatore Aerodrome, Coimbatore - 641014, Nea...",+(91)-422-3361064,http://www.tinywingz.com,2014,4.7,"Schools , Playgroups , Day Care Centres , Summer Camps , Summer Camp For Kids , Summer Camps For Chess , Summer Camp For Children , Yoga Camp"
Ruby Matric Higher Secondary School,"New Keeranatham Road, Saravanampatti, Coimbatore - 641035, Near Kgisl",+(91)-422-3373701,http://www.rubyschool.in,1998,4.1,"Schools , English Medium Schools , Nursery Schools , High School , Primary Schools"
Nairs Educational Institutions,"Ammans Nagar II, N G G O Colony, Coimbatore - 641022","+(91)-422-2642277 , +(91)-9786578655 , +(91)-9842978655 , 2522480 , 2909479",http://www.nairsvidhyamandhir.com,1999,5.0,"Schools , CBSE Schools , English Medium Schools , Educational Institutions , Nursery Schools , High School , Public Schools , Senior Secondary Schools , Primary Schools"
Anugraha Mandhir School,"Sf No 54/3, Appanayakkanpatti Main Road, Sulur, Coimbatore - 641402",+(91)-9360097005,http://www.anugrahaschools.com,2009,4.6,"Schools , Boarding Schools"
Vidhya Niketan Matriculation Higher Secondary School,"No 21/17-18, Puliyakulam Road, Puliyakulam, Coimbatore - 641045","+(91)-422-2223466 , 2221131",http://www.vidhyaniketan.com,,4.3,Schools
National Model Matriculation Higher Secondary School,"Avinashi Road, Peelamedu, Coimbatore - 641004","+(91)-422-2575544 , +(91)-9944491119 , 2575318 , 2591157",http://www.nationalmodelschool.com,,0.0,"Schools , CBSE Schools , English Medium Schools"
Suguna Pip School,"Kalapatty Road, Coimbatore Aerodrome, Coimbatore - 641014, Nehru Nagar","+(91)-422-2901210 , +(91)-9363209000 , 9344397470 , 9360075535 , 3244668 , 3244688",http://www.sugunapips.in,,4.2,"Schools , CBSE Schools , English Medium Schools"
Yuva Bharathi Public School,"YUVA Enclave, Thudiyalur Road, Coimbatore Central, Coimbatore - 641018, Somayampalayam Post","+(91)-422-6451127 , 3264848",http://www.yuvabharathi.ac.in,,4.1,"Schools , CBSE Schools , English Medium Schools"
Vidyaa Vikas Matriculation Higher Secondary School,"No 1/123, Mettupalayam Road, Karamadai, Coimbatore - 641104, Chikkarampalayam Post","+(91)-4254-272799 , +(91)-9487746999 , 271994",http://www.vidyaavikas.ac.in,,4.3,"Schools , English Medium Schools"
Psgg Kanya Gurukulam Girls Higher Secondary School,"Coimbatore Aerodrome, Coimbatore - 641014, Civil Aerodrome Post",+(91)-422-2573350,,,4.4,"Schools , School For Girls , Tamil Medium Schools"
Vijaya Vidhyalaya Matriculation School,"No 19-G, H, L & T Byepass Road, Ottarpalayam, Ondipudur, Coimbatore - 641016","+(91)-422-6061213 , +(91)-9443356980 , 6061214 , 6061215",,,3.7,"Schools , Boarding Schools , English Medium Schools"
Venkatalakshmi Matriculation Higher Secondary School,"No 2136, Trichy Road, Singanallur, COIMBATORE - 641005","+(91)-422-2598649 , 2575794",,,3.6,"Schools , English Medium Schools"
Svgv Matriculation Higher Secondary School,"Sf No 164/2-A, Mettupalayam Road, Karamadai, Coimbatore - 641104, Near Governmentt High School",+(91)-422-3372354,http://www.svgv.in,,4.8,"Schools , Boarding Schools , Convent Schools , Girls Boarding Schools , High School , Boys Boarding Schools , Schools State Syllabus , Residential Schools In Coimbatore"
Ccma Government Girls Higher Secondary School,"Raja Street, Coimbatore Ho, Coimbatore - 641001, Opp To Teacher Training Institute",+(91)-422-2397018,,,4.5,Schools
Anan Kids Academy,"No 14/283/1, Sitra Road, Kalapatti, Coimbatore - 641048","+(91)-422-6565622 , 6565722",http://www.anankidsacademy.com,,4.0,Schools
St Pauls Matric HR Sec School,"Eden Garden, Thadagam Road, Velandipalayam, Coimbatore - 641025","+(91)-422-2404614 , 2404615",,,4.2,Schools
St Marys Girls Higher Secondary School,"No 484, Trichy Road, Coimbatore Central, Coimbatore - 641018",+(91)-422-2303260,,,4.1,"Schools , School For Girls"
Sree Saraswathi Vidhyaah Mandheer Institution,"Mettupalayam To Sakthy Road, Mettupalayam, Coimbatore - 641301, Alangombu(Post)","+(91)-4254-326901 , +(91)-9364454884",http://www.ssvminstitutions.in,,4.4,"Schools , CBSE Schools , Boarding Schools , International Schools"
The Ideal Mount Litera Zee School,"No 9/8 Vijayalakshmi Foundation Building Ground Floor, Sitra Road, Kalapatti, Coimbatore - 641048, N...","+(91)-422-4274880 , +(91)-9786313334 , 9159099000",http://www.idealzeeschool.org,,4.4,"Schools , CBSE Schools , Playgroups , English Medium Schools"
Rkv Central School,"No 604, Kunniyamuthur, Coimbatore - 641008, Edayarpalayam Pirivu","+(91)-422-2252878 , +(91)-9443020391 , 3206598",,,3.8,"Schools , CBSE Schools , English Medium Schools"
Government Higher Secondary School,"Ganapathy, Coimbatore - 641006",+(91)-422-2331307,,,4.0,Schools
United Handicapped School,"Coimbatore Ho, Coimbatore - 641001",+(91)-422-2495467,,,4.5,Schools
Vasavi Vidyalaya Matriculation Higher Secondary School,"Perur Main Road, Telungapalayam, Coimbatore - 641039, Telugupalayam Pirivu",+(91)-422-2341287,,,4.6,Schools
Samskaara Academy,"No 271, Pattanam Itteri Road Off Trichy Road, Ondipudur, Coimbatore - 641016, Before Flyover","+(91)-422-2272221 , +(91)-9442146362",http://www.samskaaraacademy.com,,4.1,"Schools , English Medium Schools , ICSE Schools , Girls Boarding Schools , Boys Boarding Schools"
Chinmaya Vidyalaya Matriculation School,"No 107, Robertson Road, R S Puram, Coimbatore - 641002, P M Samy Colony",,,,4.1,"Schools , English Medium Schools"
Kovai Public School,"Elachipalayam Road, Karumathampatti, Coimbatore - 641659, Near Chenniyandavar Kovil",+(91)-422-3358612,http://www.kovaipublicschool.com,,4.7,"Schools , CBSE Boarding Schools , CBSE Boarding Schools For Boys"
Chandra Matric Hr. Sec School,"Texpaark Road, Coimbatore Aerodrome, COIMBATORE - 641014, Near Coddisia","+(91)-422-2919444 , +(91)-8870004286 , 2919443",http://www.chandramatric.com,,4.5,"Schools , English Medium Schools , Convent Schools"
Monarch International School,"286, Ponnuthu Road, Vadamadurai Kurudampalayam, Coimbatore - 641017, Pannimadai","+(91)-422-2658413 , +(91)-9442210068 , 3293027 , 3199996 , 3199995",http://www. monarchinternaitonalschool.com,,3.9,"Schools , English Medium Schools , IGCSE Schools"
Metro Matriculation Higher Secondary School,"Karamadai Road, Mettupalayam, Coimbatore - 641301, Near Velankanni Church",+(91)-4254-222114,,,4.8,"Schools , English Medium Schools"
VCV Shishu Vidyodaya Matriculation Higher Secondary School,"No 195, Scheme Road, Coimbatore Central, Coimbatore - 641018, Race Course","+(91)-422-2220419 , +(91)-9442210100",,,4.1,"Schools , English Medium Schools"
ST Michael's HR Sec School,"Big Bazar Street, Town Hall, Coimbatore - 641001",+(91)-422-2393759,,,4.6,Schools
Trinity Matriculation Higher  Secondary School,"No 1872, Trichy Road, Ramanathapuram Coimbatore, COIMBATORE - 641045, Inside Holy Trinity Cathedral ...",+(91)-422-2312918,,,2.5,Schools
Brilliant Matriculation Higher Secondary School,"84 A, Ammasai Gounder Street Mettupalayam Road, Vellakinar, Coimbatore - 641029","+(91)-9585593161 , 9585593162 , 9585593163 , 9585593164",http://www.brilliantschoolcbe.com,,4.3,"Schools , English Medium Schools , Senior Secondary Schools"
Rvs Matriculation Higher Secondary School,"No 242-B, Trichy Road Sulur, Sulur, Coimbatore - 641402","+(91)-FOR ADMISSION, 2687480, 2687687- , +(91)-9843085333 , 9245195655",,,3.8,Schools
SNS Academy,"No 538, Thudiyalur-Saravanampatti Road, Vellakinar, Coimbatore - 641029, Vellakinar Post Near Sns Ar...","+(91)-422-6525551 , +(91)-9585412345 , 9566423456",http://www.snsacademy.org,,3.5,"Schools , CBSE Schools , English Medium Schools"
Keertiman Matriculation School,"Thadagam Road, Kanuvai, Coimbatore - 641108",+(91)-422-2404010,,,4.7,"Schools , Nursery Schools , Primary Schools"
Chavara Vidya Bhavan Matriculation Higher Secondary School,"No 7303, Bharathiar University, Coimbatore - 641046, Samayampalayam,Bharathiyar University Post","+(91)-422-2423451 , 2426602 , 2423040",http://www.chavaravidyabhavan.org,,4.6,Schools
Jaycee Higher Secondary School,"Vadavalli Road, Vadavalli, Coimbatore - 641041, Near Police Check Post","+(91)-422-2405093 , 2401919",,,4.0,"Schools , Language Classes For French , Language Classes For Hindi , Nursery Schools , Language Classes , Primary Schools"
Vimal Jyothi Convent Matriculatiion Higher Secondary School,"Saravanampatti, Coimbatore - 641035",+(91)-422-2666607,,,4.3,"Schools , Convent Schools"
C V Raman School For Iit Jee,"No 218p G S Complex, Nsr Road, Saibaba Colony, Coimbatore - 641011, Opposite Vodafone Store Near P &...","+(91)-9585503447 , 9585512447",http://www.cvramanschool.in,,4.1,"Schools , IIT Tutorials , Tutorials For IIT JEE , Tutorials For JEE Main , Tutorials For JEE Advanced , School Academic Elementary & Secondary"
Karunya Residential International Matric HR Sec Sc,"Nallurvayal, Coimbatore - 641114, Karunya Nagar","+(91)-422-2614820 , 2614821 , 2614822",http://www.karunya.edu,,4.4,"Schools , Schools- Academic- Elementary & Secondary"
Corporation Higher Secondary School,"Selvapuram, Coimbatore - 641026",+(91)-422-2344420,,,4.7,"Schools , Tamil Medium Schools"
Lisieux CMI Public School,"Lisieux Road, Saravanampatti, Coimbatore - 641035, Viswasapuram","+(91)-8903434388 , 8903434399 , 9489215714",,,4.3,"Schools , CBSE Schools , English Medium Schools"
Vivekananda Vidyalaya Matriculation Higher Secondary School,"Dharapuram Road, Coimbatore, Coimbatore - 641045, Tirupur","+(91)-422-2253479 , 3207975",,,3.5,Schools
R. J Matriculation School,"No 15, Gandhi Street, Vilankurichi, Coimbatore - 641035",+(91)-9842244090,,,4.8,Schools
Sri saraswathi vidhya mandheer school,"Alankombu Post Sirumugai, Sirumugai, Coimbatore - 641302",+(91)-422-3372280,http://www.ssvminstitutions.in,,3.0,"Schools , CBSE Schools , Boarding Schools , English Medium Schools , International Schools"
Achariya Bala Siksha Mandir School,"No 14 B, Maniakarampalayam Road, Ganapathy, Coimbatore - 641006, Karpagavinayagar Nagar Near Surya H...","+(91)-422-3197776 , +(91)-9442266245",http://www.achariya.in,,4.8,"Schools , Kindergartens"
Government Boys Higher Secondary School,"45-A, Mettupalayam Road, Karamadai, COIMBATORE - 641104, Near Indian Bank",+(91)-4254-272902,,,4.3,"Schools , Senior Secondary Schools"
Star Special School,"Main Road, Singanallur, Coimbatore - 641005, Near Jayashanthi Theatre",+(91)-422-2271675,,,4.0,"Schools , Schools For Mentally Challenged , Schools For Physically Challenged , Institutions For Deaf & Dumb"
St Antonys High School,"No 55, Anthoniyar Church Street, Puliyakulam, Coimbatore - 641045, Puliyakulam",+(91)-422-2315525,,,4.0,"Schools , Tamil Medium Schools"
G Ramaswamy Naidu Matriculation Higher Secondary School,"Civil Aerodrome Post, Coimbatore Aerodrome, Coimbatore - 641014, Opp To CIT Peelamedu",+(91)-422-2575097,http://www.grnmhss.in,,4.7,Schools
Kaumaram Sushila International Residential School,"Chinnavedampatti, Coimbatore - 641049, Near Kaumara Madalayam","+(91)-422-6505656 , +(91)-9865820000",http://www.ksirs.in,,4.2,"Schools , English Medium Schools , ICSE Schools , IGCSE Schools"
Sri Vivekananda Matriculation Higher Secondary School,"Ramar Koil Street, Chinniampalayam, Coimbatore - 641062, Near Airport & Kmch Rg Pudur",+(91)-9677911116,,,4.0,"Schools , English Medium Schools"
Bharathi Matriculation Higher Secondary School,"13-A, Thadagam Road, Coimbatore Ho, Coimbatore - 641001",+(91)-422-2442481,,,0.0,Schools
Holy Angels Higher Secondary School,"186, Nadur, Mettupalayam, Coimbatore - 641301, Near Subham Theatre",+(91)-4254-228029,,,3.7,"Schools , Senior Secondary Schools"
ALG Matriculation Higher Secondry School,"No 50, Puliyakulam, Coimbatore - 641045, Damu Nagar Near Kidney Hospital","+(91)-422-2316750 , +(91)-8754847116 , 9976972724 , 2316850",,,4.5,"Schools , English Medium Schools"
Thambu Higher Secondary School,"No 4, Veerapandi Pirivu, Coimbatore Press Colony, Coimbatore - 641019, Press Colony","+(91)-422-2692442 , 2697903",,,4.5,Schools
National Matriculation School,"Sirumugai Road, Mettupalayam, Coimbatore - 641301","+(91)-4254-225995 , +(91)-9842198347",,,4.8,"Schools , English Medium Schools"
Sree Dharma Sastha Matriculation School,"Vilankurichi, Saravanampatti, Coimbatore - 641035","+(91)-422-2666807 , 2666917",,,3.8,"Schools , Schools- Academic- Elementary & Secondary"
Sindhi Vidyalaya Matriculation Higher Secondary School,"Dr Ambedkar Road, Velandipalayam, Coimbatore - 641025",+(91)-422-2437949,,,3.9,Schools
Orison Academy,"No 23, VOC Street, Eachanari, Coimbatore - 641021, LIC Colony","+(91)-422-2677556 , +(91)-9843077556 , 7708488875",,,4.8,"Schools , CBSE Schools"
ABC Matriculation Higher Secondary School,"No 160, Avarampalayam Road, Peelamedu, Coimbatore - 641004, Near Suguna Kalyana Mandapam",+(91)-422-2561897,,,4.0,Schools
Kamaraj Matriculation School,"No 170, Alagappa Road, Tatabad, Coimbatore - 641012",+(91)-422-2493004,,,3.7,Schools
Pandit Nehru Matriculation Higher Secondary School,"Kurichi, Coimbatore - 641021, Kurichi Industrial Estate Post Opposite Kurichi Housing Unit Phase1","+(91)-422-2672146 , +(91)-9894036463 , 9894013231",,,4.7,"Schools , English Medium Schools"
Bishop Francis Matriculation School,"Armuga Gounder Street, Coimbatore Ind Estate, Coimbatore - 641021, Nggo Colony Opposite Goverment Bo...",+(91)-422-2643903,,,4.7,Schools
G D Nursery School,"No 25, Addis Street, Coimbatore Central, Coimbatore - 641018, Grey Town",+(91)-422-2300254,,,4.4,"Schools , Playgroups"
Radcliffe Schools,"No 92, Narayana Guru Mission Road, Saibaba Colony, Coimbatore - 641011, Near by Narayana Guru Matric...",+(91)-422-3357276,,,3.4,"Schools , CBSE Schools , Playgroups , Kindergartens"
Suburban Matriculation Higher Secondary School,"No 58, Rajaji Road, Ram Nagar, Coimbatore - 641009",+(91)-422-2231432,,,4.1,Schools
Devanga Higher Secondary School,"No 17, Devanga High School Road, R S Puram, Coimbatore - 641002",+(91)-422-2551782,,,4.7,Schools
Infant Jesus Matric HR Sec School,"Sanganur, Coimbatore - 641027",+(91)-422-2330399,,,4.8,"Schools , Schools- Academic- Elementary & Secondary"
Nirmala Matriculation Higher Secondary School,"Sungam, Coimbatore Central, Coimbatore - 641018, Red Field",+(91)-422-2221579,http://www.nirmalaschool.org,,4.1,"Schools , School For Girls"
Sarvam School,"No.43 De Sa BA Colony, West Club Road, R S Puram, Coimbatore - 641002","+(91)-422-4374370 , +(91)-9566615111 , 4374371",,,4.0,"Schools , CBSE Schools , English Medium Schools"
Nirmala Matha Convent Matric School,"Vellalore, Coimbatore - 641111, Sakthi Easwar Nagar",+(91)-422-2413074,,,4.4,"Schools , Convent Schools"
T V Sekaran Memorial Matriculation HR Sec School,"No 5/7 A, Perur Road, Kovaipudur, Coimbatore - 641042, Gokulam Colony","+(91)-422-2608220 , +(91)-9486241805 , 6451627",,,3.3,"Schools , Schools- Academic- Elementary & Secondary"
Avatar Public School,"Avatar Public School, Golf Club Road, Chettipalayam, Coimbatore - 641201, Mayiladum Parai","+(91)-422-2655444 , +(91)-7373048383",http://www.avatarpublicschool.com,,4.7,"Schools , CBSE Schools"
KPM  Matriculation Higher Secondary School,"Pollachi Main Road, Eachanari, Coimbatore - 641021, Kpm Nagar Near Rathinam College","+(91)-422-2672064 , +(91)-7708944422",,,4.2,Schools
Srsi Matriculation & Higher Sec. School,"Snrv Nagar, Karamadai, COIMBATORE - 641104, Near Eb Bus Stop",+(91)-4254-272437,,,3.8,"Schools , English Medium Schools"
Benglen Public School,"No 13, TVS Nagar Road, Kavundampalayam, Coimbatore - 641030, Near Laurel School","+(91)-9655599996 , 9362293699",http://www.benglen.org,,4.6,"Schools , CBSE Schools , English Medium Schools"
Saraswathi Vidyalaya Matriculation School,"Chinthamanipudur, Chinthamanipudur, Coimbatore - 641103","+(91)-422-6528646 , +(91)-9843891348",,,4.0,"Schools , English Medium Schools"
K V Matriculation School,"No 546, Sathy Main Road, Ganesapuram, Coimbatore - 641107, Kurumbapalayam Post","+(91)-422-2642735 , +(91)-9843086670",,,3.6,"Schools , English Medium Schools"
The Western Ghats International School,"3 G Road, Ettimadai, Coimbatore - 641112, Near Venkateswara College P G Pudhur Near Chavady","+(91)-9095470007 , 9750170007",,,0.0,Schools
Government School for the Blind,"Viraliyur, Coimbatore - 641109, Ullyampalayam",+(91)-422-2617113,,,5.0,"Schools , Schools For Physically Challenged"
APG Matriculation School,"Fci Road, Ganapathy, Coimbatore - 641006",,,,4.0,Schools
Achariya Bala Siksha Mandir,"No 67 A, School Road, Ramanathapuram Coimbatore, Coimbatore - 641045, Krishnaswamy Nagar","+(91)-422-3197775 , +(91)-7667606604",http://www.achariya.in,,4.5,"Schools , CBSE Schools , English Medium Schools"
Park Global School,"Park Campus, N H 47 Avinashi Road, Kaniyur Palladam, Coimbatore - 641659, Near Park College",+(91)-9443743345,,,3.0,"Schools , CBSE Schools , English Medium Schools"
Violet Matriculation Higher Secondary School,"No 436/1, S M Palayam G N Mills Post, Gnanambika Mills, Coimbatore - 641029",+(91)-422-3356298,http://www.violetschool.in,,3.7,"Schools , Boarding Schools , English Medium Schools , Nursery Schools"
Vijayalakshmi MAT HR Sec School,"1,St Floor, Sirumugai, Mettupalayam, COIMBATORE - 641301, Mettupalayam","+(91)-422-255366 , 255266",,,3.3,"Schools , English Medium Schools , ICSE Schools"
Corporation Boys Higher Secondary School,"Ramanathapuram Coimbatore, Coimbatore - 641045",+(91)-422-2318160,,,4.5,Schools
Brindavan Vidyalaya Matric HR Sec School,"Mettupalayam Road, Kavundampalayam, Coimbatore - 641030, Opp To Cheran Nagar",+(91)-422-2435811,,,4.4,Schools
Ramakrishna Ruckmaniammal Matriculation School,"No 119, Ruckmani Garden Street, Ondipudur, Coimbatore - 641016","+(91)-422-2273643 , 6534335",,,4.3,Schools
Sree Krishna Matricualtion School,"No 181/2a, Saravana Nagar, Velandipalayam, Coimbatore - 641025","+(91)-422-2403411 , +(91)-9363210549",,,1.0,Schools
Smart Kids Play School,"12, Sir Cv Raman Road, R S Puram, Coimbatore - 641002, Near Sindhu Sadan",+(91)-9940902616,,,4.2,"Schools , English Medium Schools"
Government High School,"Peelamedu, Coimbatore - 641004, Gandhi MA Nagar",+(91)-422-2512958,,,0.0,Schools
Kathir Vidyaa Mandhir,"No 806 Wisdom Tree, Nilambur, Coimbatore - 641062","+(91)-422-2203777 , +(91)-9894985454",http://www.kathirvidyaamandhir.com,,4.4,"Schools , CBSE Schools"
ELGI Matriculation Higher Secondary School,"2nd Phase, Vellalore, Coimbatore - 641111, ELGI Nagar",+(91)-422-2414194,,,3.9,"Schools , English Medium Schools"
Immaculate Heart Of Marys Matriculation Higher Secondary School,"Veerapandi Privu, Coimbatore Press Colony, Coimbatore - 641019, Press Colony Post",+(91)-422-2692421,,,3.8,Schools
Sri Sakthi Matriculation Higher Sec School,"Chettipalayam, Coimbatore - 641201, Podanur",+(91)-9442644735,,,3.2,Schools
Vlb Janakiammal College Of Arts & Science,"Kovaipudur, Coimbatore - 641042",+(91)-422-2605162,,,5.0,Schools
Sri Visweswara Vidyalaya MAT HR Sec School,"No 494-A, Coimbatore Ho, Coimbatore - 641001, Sukrawarpet West","+(91)-422-2343548 , 2348605",,,4.3,Schools
Future Kids,"No 1/34, Marudamali Road, Pappanaickenpudur, Coimbatore - 641041, Anandha Nagar","+(91)-422-4521215 , +(91)-9843025270 , 9843199116 , 9843122443",,,4.5,"Schools , Playgroups , Kindergartens , Nursery Schools"
Sethu Vidyalaya Matriculation School,"No 205, Sambandam Road, R S Puram, Coimbatore - 641002, Opp To Sathish Petrol Bunk",+(91)-422-2425125,,,5.0,Schools
T A Ramalingam Chettiar Higher Secondary School,"No 4/7, Azhagesan Road, Saibaba Colony, Coimbatore - 641011",+(91)-422-2441791,,,4.7,Schools
Thiyagi N G Ramaswamy Memorial Higher Secondary School,"Kamarajar Rd, Uppilipalayam, Coimbatore - 641015, Varadharajapuram",+(91)-422-2575677,,,4.4,"Schools , English Medium Schools , Tamil Medium Schools"
Thailaxmi Matriculation School,"No 4/87 Rayer Gardens, Thudialur, Coimbatore - 641034, Near Railway Gate Near Cheran Colony","+(91)-422-2908565 , +(91)-9894131111 , 9894092222 , 9894035555 , 2645572",,,5.0,"Schools , English Medium Schools , Nursery Schools , Senior Secondary Schools , Primary Schools"
Sri A Ramaswamy Matriculation Higher Sec School,"No 5, Mettupalayam Road, Kavundampalayam, Coimbatore - 641030","+(91)-422-2441778 , 2435633",,,4.7,Schools
Annai Velankanni Matriculation Higher Secondary School,"Sowripalayam, Coimbatore - 641028, Near Filomina School","+(91)-422-2595550 , +(91)-9894725955",,,5.0,"Schools , English Medium Schools"
National Model Matricaulation HR. Sec. School,"Kalloori Nagar, Peelamedu, Coimbatore - 641004",+(91)-9994416627,,,4.5,"Schools , English Medium Schools"
St Johns Matriculation Higher Secondary School,"No 21, Sakthi Nagar, Coimbatore Press Colony, Coimbatore - 641019, Near Anna University","+(91)-422-2697996 , +(91)-9865289444 , 9786691902 , 2902991",http://www.pearlseducation.com,,3.9,"Schools , Boarding Schools"
St John Bosco Matric Higher Secondary School,"Mettupalayam Road, Gnanambika Mills, Coimbatore - 641029",+(91)-422-2642785,,,4.5,Schools
Chinmaya Vidyalaya Matriculation Higher Secondary School,"Thondamuthur Road, Vadavalli, Coimbatore - 641041",,,,3.9,"Schools , English Medium Schools"
SMS College Of Arts And Science,"Siruvani Main Road, Perur, Coimbatore - 641010, Near Mayal River",,,,3.0,"Schools , Colleges , Arts Colleges , Institutes For BSc , B Com Colleges , College BCA , College M Sc , College M Com"
Saraswathi Ramachandran Vidyalaya Matriculation School,"No 216, Saraswathi Ramachandra School Road, Kunniyamuthur, Coimbatore - 641008, Edayarpalayam",+(91)-422-2673731,,,4.3,Schools
Dr P G V Matric HR Sec School,"Varappalayam, Tadagam, Coimbatore - 641108, Chinnathadagam Post","+(91)-422-2658647 , +(91)-9843150063 , 9842271519 , 2658649",http://www.pgv.edu.in,,3.9,Schools
K G Matric Higher Secondary School,"Covai Main Road, Annur, Coimbatore - 641653","04254263664 ,  04254263633 , +(91)-9360709733 , 9360709738 , 9344672306",,,4.1,"Schools , Primary Schools"
Government Higher Secondary School,"Madukkari Market, Madukkarai, Coimbatore - 641105",+(91)-422-2622595,,,4.0,Schools
Shri Sarswati Vidya Mandir,"School Alamgombu Po Mettupalyam Coimbatore, Mettupalayam, Coimbatore - 641301",+(91)-422-2254313,,,5.0,"Schools , CBSE Schools , English Medium Schools"
Ashram Matriculation Higher Secondary School,"No 138b/1, Kovaipudur, Coimbatore - 641042","+(91)-422-2607029 , 2605019",,,3.8,"Schools , English Medium Schools , Senior Secondary Schools"
Tea Public Matriculation Higher Secondary School,"Avanashi, Coimbatore - 641654, Palankarai Post Tirupur Dist","+(91)-4296-272156 , 272155",http://www.teapublicschool.org,,5.0,"Schools , Boarding Schools"
Sri Ranganathar Matriculation Higher Secondary School Somayampalayam,"No 4/100 A, Kalappanaickenpalayam, Coimbatore Ho, Coimbatore - 641001, Somayampalayam Post","+(91)-422-2401848 , 2402847",,,3.5,Schools
K G Girls High School,"Annur, Coimbatore - 641653",+(91)-4254-264332,,,0.0,Schools
Swamy Vivekananda Matric HR Sec School,"Annur, Coimbatore - 641653",+(91)-4254-265128,,,3.5,Schools
Shri Nehru Vidhyalaya Matriculation HR Sec School,"26, Robertson Road, R S Puram, Coimbatore - 641002, Rs Puram Near Milk Company","+(91)-422-2473158 , 2474827",,,3.9,Schools
Sri Ragavendra Vidyalaya Matric. Hr. Sec. School,"Laxmi Nagar, Vadavalli, Bharathiyar University, Coimbatore - 641046","+(91)-422-2423478 , +(91)-9942121000 , 2424055",,,4.5,Schools
Police Recruit School,"Papanaickenpalayam, Coimbatore - 641037",+(91)-422-02212207,,,5.0,Schools
Srimathi D Padmavathy Ammal High School,"Coimbatore Aerodrome, Coimbatore - 641014",+(91)-422-2476627,,,4.3,Schools
Arc Matriculation Higher Secondary School,"Avinashi Road, Karumathampatti, Coimbatore - 641659","0421 ,  2334559 , 0421 , 2334559 , 2334558",,,3.9,"Schools , Schools- Academic- Elementary & Secondary"
Kovai Kalaimagal Matriculation Higher Sec School,"P N Palayam Road K R Puram, Ganapathy, Coimbatore - 641006, Near Ramakrishna Kalyanamandapam","+(91)-422-2562215 , 2560119",,,4.0,"Schools , Schools- Academic- Elementary & Secondary"
Chinmaya International Residential School,"Coimbatore, Coimbatore - 641028",+(91)-422-2180300,,,4.3,Schools
Sri Vishnu Vidhyalaya Matriculation School,"Bharathi Nagar Kamarajar Road, Uppilipalayam, Coimbatore - 641015, Varadarajapuram","+(91)-422-2575998 , +(91)-9344718092 , 2572012",,,2.0,Schools
Oxford Matriculation School,"No 1 B, Uppilipalayam, Coimbatore - 641015, Muthu Nagar Near Line Stop Bus Stop",+(91)-422-2591219,,,5.0,"Schools , English Medium Schools"
Shri Raman Chettiar Memorial Matriculation School,"Thanner Pandal Road, Peelamedu, Coimbatore - 641004",+(91)-422-2512913,,,4.0,Schools
Mary Rani Nursery & Primary School,"Sathy Road, Gandhipuram, Coimbatore - 641012","+(91)-422-2529493 , 2529394",,,4.7,"Schools , Primary Schools"
Government High School Idigarai,"N G G O Colony, Coimbatore - 641022",+(91)-422-2462200,,,0.0,Schools
Yellow Train School,"No 179, Muthalipalayam, Arasur, Coimbatore - 641407",+(91)-422-3373064,http://www.yellowtrainschool.com,,3.0,"Schools , Playgroups , English Medium Schools , International Schools , Day Care Centres , Nursery Schools , Montessori Schools , Pre Nursery Schools"
V V Vani Vidyalaya Nursery & Primary School,"No 117, Bashyakaralu Road, R S Puram, Coimbatore - 641002, Near Savitha Hall","+(91)-422-2443838 , +(91)-9843063076",,,0.0,"Schools , Primary Schools"
Prasanth Technical Institute,"R S Puram, Coimbatore - 641002",+(91)-422-02544685,,,0.0,Schools
Little Rain Drops Montessori,"29/38, Nathan Nagar, Rs Puram, R S Puram, Coimbatore - 641002",+(91)-9944622601,,,0.0,"Schools , Playgroups"
Sri Pls Matriculation School,"No 550, Bharathiyar Road, Papanaickenpalayam, Coimbatore - 641037",,,,0.0,Schools
Hindusthan Tiny Tots Play School,"Hindusthan Gardens, Sowripalayam, Coimbatore - 641028, Behind Navaindia",,http://www.hindusthan.net,,0.0,Schools
Brain Primary & Nursery School,"6 27, ,Kandasmy Kavunder Lay Out,Kavundampalayam, Kavundampalayam, Coimbatore - 641030, Near Kumaran...",+(91)-9600772179,,,0.0,"Schools , Nursery Schools , Pre Nursery Schools"
Info School Of Business,"Coimbatore Ho, Coimbatore - 641001",+(91)-9786627644,,,0.0,Schools
Vigneswara Driving School,"No 188, T V Swamy Road, R S Puram, Coimbatore Ho, Coimbatore - 641001",+(91)-9344832559,,,0.0,Schools
Vidya Vikasini Matric Higher Secondary School,"66-D, Mettupalayam Raod Thudiyalur, Coimbatore Ho, Coimbatore - 641001",+(91)-422-2682896,,,0.0,Schools
Coimbatore Seva Nilayam Girls High School,"No 2, Syrian Church Road, Coimbatore Ho, Coimbatore - 641001, Near Indian Medical Association Hall","+(91)-422-2473664 , +(91)-9566063160",,,0.0,"Schools , School For Girls"
Thoothukudi,"District Collector, Coimbatore Ho, Coimbatore - 641001",+(91)-422-2340600,,,0.0,Schools
Jansons School Of Business,"Karumathampatti, Coimbatore Ho, Coimbatore - 641001",+(91)-422-2334742,,,5.0,"Schools , Motor Training Schools , CBSE Schools"
M Najappa Chettiar Matriculation School,"Muthalipalayam Pirivu, Arasur (Po), Avenue Road, Coimbatore Ho, Coimbatore - 641001",+(91)-422-2360912,,,0.0,Schools
Vivekanada School Of Science & Technology,"25, Nataraj Nagar, Shivaram Nagar, Sungam Bye Pass Roa, Coimbatore Ho, Coimbatore - 641001",+(91)-422-2315611,,,0.0,Schools
Nirmala Matriculation Higher Secondary School,"Red Fields, Coimbatore Ho, Coimbatore - 641001",+(91)-422-2217579,,,0.0,Schools
Deeksha Play School,"3, Sowrimuthu St, Redfields, Coimbatore Ho, Coimbatore - 641001",+(91)-422-5394374,,,0.0,Schools
Jumpstart Play School,"1027, Avenue Road,(Next To V O C Maidan), Coimbatore Ho, Coimbatore - 641001",+(91)-422-5586004,,,0.0,Schools
Police Recruit School,"Balasundaram Chettiar Road, Coimbatore Ho, Coimbatore - 641001",+(91)-422-2212207,,,0.0,Schools
T V Sekaran Memorial Matriculation HR Sec School,"Kovaipudur, Coimbatore Ho, Coimbatore - 641001",+(91)-9482608220,,,0.0,"Schools , Convent Schools , Primary Schools"
Aruljothi Matriculation School,"Ramalingajothi Nagar, Ramanathapuram Coimbatore, Coimbatore - 641045",+(91)-422-2317887,,,0.0,Schools
Ganga Nagar Matric School,"Krishan Swamy Nagar, Ramanathapuram Coimbatore, Coimbatore - 641045",+(91)-422-2312992,,,0.0,Schools
Apex Nursery Primary School,"No 8, APEX School Street, Ganapathy, Coimbatore - 641006, Opp To Indian Overseas Bank","+(91)-422-2537732 , +(91)-9894066344",,,5.0,"Schools , Nursery Schools , Primary Schools"
Stanely Matriculation School,"No 174/A, Bharathiyar Road, Ganapathy, Coimbatore - 641006",,,,0.0,Schools
Holy Mother Matriculation School,"No 290, Ganapathy, Coimbatore - 641006, Sivasakthi Colony",,,,0.0,Schools
Mind Matters,"No 1423 S A Building 1 A4, Sathy Main Road Barathi Nagar, Ganapathy, Coimbatore - 641006",+(91)-9944239347,,,0.0,"Schools , Playgroups"
Shri Meenaakshi Matriculation Hr. Sec. School,"Madukkarai Market Road, Kurichi, Coimbatore - 641021","+(91)-9047037490 , 9843037490",,,4.0,Schools
Vasavu Vidyalaya School,"No 535, Vysial Street, Coimbatore Ho, Coimbatore - 641001",,,,0.0,"Schools , Nursery Schools , Primary Schools"
Swathantra High School Attipalayam,"Coimbatore Ho, Coimbatore - 641001, Vaiyampalayam Post Attipalayam",+(91)-422-2654237,,,5.0,Schools
Sri Hari Tuition Centre,"1038-A, Pasuvannan Koil Bus Stop, Coimbatore - 641001, (Opp),  Sukkarvarpet Road",+(91)-9486116419,,,0.0,"Schools , Tutorials"
Yuvasakthi Matriculation School,"No 333, Raja Street, Raja Street, Coimbatore - 641001",+(91)-9944847575,,,0.0,Schools
K G Matriculation School,"1, Krishnawamy Nagar, Ramanathapuram Coimbatore, Coimbatore - 641045",+(91)-422-4217092,,,5.0,"Schools , Matric Higher Secondary School"
Sree Balamurugan Vidyalaya,"No 16, Sakthi Nagar, Uppilipalayam, Coimbatore - 641015",+(91)-9965066433,,,0.0,Schools
Oxford Matriculation School,"52, Muthu Nagar, Upplipalayam, Uppilipalayam, Coimbatore - 641015",+(91)-9788172770,,,3.0,Schools
Covai Gurukulam,"No 495/242, Kamaraj Road, Peelamedu, Coimbatore - 641004, Near Hope Corner",+(91)-9442109931,,,0.0,Schools
Psg Ganga Naidu & Sons,"Peelamedu, Coimbatore - 641004",+(91)-422-2573350,,,0.0,Schools
PSGR Krishnammal Nursery & Primary School,"Peelamedu, Coimbatore - 641004, Near PSGR Krishnammal College Campus",+(91)-422-2594322,,,0.0,Schools
Kalidasar Matriculation School,"No 116 C, Kumaraguru College Rd, Ganapathy, Coimbatore - 641006, Chinnavedampatti",+(91)-9994297777,,,0.0,Schools
S.S.M. Lakshiammal MAT. HR. Sec. School,"Post Box No.161, By Pass Road, Komarapalayam Coimbatore, Coimbatore - 641026, Komarapalayam Road",+(91)-9244960408,,,0.0,Schools
Vetri Nursery & Primary School,"No 65, Dr Radhakrishanan Street, Sugarcane Breeding Institute, Coimbatore - 641007, S N Palayam","+(91)-9362955007 , 9362955078",,,4.0,"Schools , Kindergartens"
Holy Angels Matriculation School,"TVS Nagar Road, Kavundampalayam, Coimbatore - 641030","+(91)-422-2401695 , +(91)-9842218870",,,0.0,Schools
News School,"Podanur Main Road, Podanur, Coimbatore - 641023, Thirumarai Nagar",+(91)-422-2410178,,,0.0,Schools
New Castle Public School,"No 22/23, Sunniah Street Extn, Saibaba Colony, Coimbatore - 641011, Skv Nagar K K Pudhur Next Cut To...","+(91)-9487344399 , 9043095577",http://www.newcastle.edu,,5.0,"Schools , Playgroups , Day Care Centres , Baby Sitters , Creche"
Helikz Open School,"10, Ambika Nagar, Thudialur, COIMBATORE - 641034",+(91)-9443171138,,,0.0,"Schools , School Pre Primary , Pre Schools , Pre Nursery Schools"
Swathi School Of Fine Arts,"No 3/453 Gopalakrishna Garden, Bharathiar University, Coimbatore - 641046, Chavarapuram","+(91)-422-6589981 , +(91)-9443044194",,,0.0,"Schools , Art Schools"
Parimala V,"No 2/57, Madukkarai Main Road, Sundarapuram, Coimbatore - 641024",+(91)-9943030749,,,0.0,"Schools , Driving License Consultants , Motor Training Schools For Two Wheeler , Insurance Agent-LIC , Driving License Agents , Driving License Assistance"
Equitas Gurukul Matriculation School,"744/3b, Phase II, CTO Colony, Madhukarai Main Road, Sundarapuram, Coimbatore - 641024",+(91)-8754404279,,,5.0,"Schools , Primary Schools"
Apple Kids,"14/769-C, Edaryarpalayam Main Road, Kunniyamuthur, Coimbatore - 641008, Near Dalmia Cement,",+(91)-422-6574188,,,0.0,Schools
Rkv Central School,"609/74-Am, Edayarpalayam Pirivu, Kunniyamuthur, Coimbatore - 641008",+(91)-422-2251756,,,0.0,Schools
Senthil Play School,"Rose Garden, Singanallur, Coimbatore - 641005",,,,0.0,"Schools , Primary Schools"
Nalvazhvu Nursery & Primary School,"No 1, Pachainayagi Amman Koil Street, Singanallur, Coimbatore - 641005","+(91)-422-2593330 , +(91)-9487790329 , 9443342546",,,5.0,"Schools , English Medium Schools"
Motherlaand Matriculation Higher Secondary  School,"Seetha Garden, Bharathi Road, Telungapalayam, Coimbatore - 641039, Near Perur Road Pudur",+(91)-422-2348200,,,3.8,"Schools , English Medium Schools"
Nava Bharath Matriculation School,"Annur, Coimbatore - 641653, Mettupalayam",,http://www.navabharath.net,,4.6,Schools
Mahajana Higher Secondary School,"Mahadevapuram, Mettupalayam, COIMBATORE - 641301",+(91)-4254-220777,,,5.0,"Schools , English Medium Schools"
Hindusthan Higher Secondary School,"No 1247-1250, Avinashi Road, Papanaickenpalayam, Coimbatore - 641037","+(91)-422-2216636 , 2216646",,,4.0,Schools
The First School Shaanthi Montessori,"385, Raja Street, Town Hall, Coimbatore - 641001, Cbr Residence Backside","+(91)-422-3240689 , +(91)-9345624681",,,0.0,"Schools , Playgroups , Play School & Child Care Centre"
Adwaith GNS Matriculation Higher Secondary School,"Sowripalayam Road, Sowripalayam, Coimbatore - 641028",+(91)-422-2317916,,,4.2,Schools
Kasturi Matric School,"No 29 A, Kunniyamuthur, Coimbatore - 641008, Sugunapuram Kovaipudur Pirivu",+(91)-422-2622206,,,0.0,Schools
Kendriya Vidyalaya,"No.5 Brd A.f.station, Kangayampalayam P.o, Kangayampalayam, Coimbatore - 641401",+(91)-422-2880136,,,4.5,Schools
Rasakondalar Matriculation School,"Nethaji Road, Papanaickenpalayam, Coimbatore - 641037",+(91)-422-2242323,,,2.0,"Schools , English Medium Schools"
Government Girls Higher Secondary School,"Oppanakara Street, Town Hall, Coimbatore - 641001",,,,0.0,Schools
Islamiyah Metric HR Sec School,"Islamiyah Metric HR Sec School, Salamath Nagar, Coimbatore , Karumpukadi","+(91)-422-2395119 , +(91)-9843096496",,,0.0,"Schools , English Medium Schools"
Sainik School,"No A-11, Ganapathy, Coimbatore - 641006, Voc Nagar Near Police Quarters","+(91)-422-2511398 , +(91)-9443720076",,,5.0,Schools
Mount Carmel Matriculation School,"Mettur Main Road, Podanur, Coimbatore - 641023",+(91)-422-6548540,,,2.0,Schools
Premier Coaching Centre,"14,4th Floor APS Building, Om Ganesh Nagar, Vadavalli, COIMBATORE - 641041",+(91)-422-4342246,,,4.2,"Schools , English Medium Schools , Home Tutors , Education Board"
Vlb Janakiammal Matriculation School,"Palakkad Main Road, Kovaipudur Piruvu, Kunniyamuthur, Coimbatore - 641008",+(91)-9442604701,,,5.0,Schools
Gnanambikai Matriculation School,"Siruvani Main Road, Perur, Coimbatore - 641010","+(91)-422-2608116 , +(91)-9976067727",,,4.7,"Schools , English Medium Schools"
Government Higher Secondary School,"Kurichi, Coimbatore - 641021",,,,4.5,Schools
Kalaimagal Matriculation Higher Secondary School,"Sihs Colony, Coimbatore Aerodrome, Coimbatore - 641014, Civil Aerodrome Post",+(91)-422-2270888,,,5.0,"Schools , Schools- Academic- Elementary & Secondary"
Palaniappa Matriculation School,"10/215, Katchery Street, Avinashi Road, COIMBATORE - 641014, Mamarathottam Cheyur Rd",+(91)-422-2275080,,,3.5,"Schools , CBSE Schools , English Medium Schools"
ST Anns Matriculation Higher Secondary School,"Madukkarai, COIMBATORE - 641105, Thirumalaipalayam Post",+(91)-422-2623883,,,3.0,"Schools , English Medium Schools"
Mgm Matriculation Higher Secondary School,"Kng Pudur, Tadagam, Coimbatore - 641108",+(91)-422-2400240,,,4.2,Schools
Literacy Mission Matriculation  School,"Somanur, Coimbatore - 641668, Samalapuram",+(91)-421-2334100,,,5.0,"Schools , English Medium Schools"
Satchidananda Jothi Nikehan Matric HR Sec School,"Mahadevapuram, Coimbatore - 641305, Ooty Main Road","04254 ,  224898 , +(91)-9894683056",http://www.sjnschool.com,,3.7,Schools
Sri P. Mallaiyan Matric Hr. Sec. School,"Palghat Main Road, Madukkarai, Coimbatore - 641105","+(91)-422-2623253 , 2622665",,,4.5,Schools
SAN International Business School,"Mavuthampathy, Walyear, Uppilipalayam, Coimbatore - 641015",+(91)-9842774188,,,5.0,Schools
Saraswathi Vidhya Mandheer School,"Annur, Coimbatore - 641653",+(91)-4254-252638,,,2.0,Schools
Sri Akila Vidyalaya Matriculation School,"Annur, Coimbatore - 641653",+(91)-4254-262557,,,0.0,Schools
Ashram Matriculation Higher Secondary School,"Main Road, Kovaipudur, Coimbatore - 641042","+(91)-422-2251596 , +(91)-9443752146",,,0.0,Schools
Keen Kid Fun School,"No 78 A/5, Telungapalayam, Coimbatore - 641039, Balaji Nagar Opp To Sboa School Chokkampudur",+(91)-9894455522,,,4.0,Schools
Sri Gopal Naidu Children School,"Maniam Pappammal Street, Peelamedu, Coimbatore - 641004",+(91)-422-2565124,,,4.0,Schools
Hari Om Matriculation School,"No 58/185, N G G O Colony, Coimbatore - 641022, Teacher Colony","+(91)-422-2643435 , +(91)-9442737640 , 9080123907",,,4.3,Schools
Exeal MAT .HR Sec School,"N.s.n Palayam, Narasimhanaickenpalyam, Coimbatore - 641031","+(91)-422-6575998 , +(91)-9363304888",,,0.0,"Schools , English Medium Schools"
Thambu Higher Secondary School,"4, Veerapandi, Coimbatore Press Colony, Coimbatore - 641019",+(91)-422-2892442,,,4.3,Schools
Government High School Narasipuram,"Viraliyur, Coimbatore - 641109",+(91)-422-2617846,,,0.0,Schools
Evangeline Matric HR Sec School,"Siruvani Main Road, Nallurvayal, Coimbatore - 641114, Karunya Nagar Post",+(91)-422-2614810,,,5.0,Schools
Little Flower English Medium School,"No 5 Arunavalli Complex, Ramanathapuram Coimbatore, Coimbatore - 641045",,,,4.0,"Schools , Primary Schools , Schools- Academic- Elementary & Secondary"
Kcc Vidyalaya Matric School,"No 46, Jayasimmapuram, Papanaickenpalayam, Coimbatore - 641037",+(91)-422-2216109,,,5.0,"Schools , Nursery Schools , Primary Schools"
Kumaraswamy Matric Higher Secondary School,"No 394, Raja Street Sanganur Road, Ganapathy, COIMBATORE - 641006","+(91)-422-2332916 , 2330080",,,4.0,Schools
Camford International School Admin Office,"No 1269, Mettupalayam Road, Sriavanashilingam HSC, Coimbatore - 641043, Saibaba Kovil Behind Chandra...","+(91)-422-2440538 , +(91)-9688666661 , 9688666662 , 9688666663",http://www.thecamford.org,,5.0,Schools
Bharathi Vidhyalaya Play School,"83/ A2 3rd Cross, Bharathi Colony, Peelamedu, Coimbatore - 641004","+(91)-422-6579699 , +(91)-9842622339",http://www.bharathividhyalaya.com,,5.0,"Schools , Playgroups , Kindergartens , Nursery Schools , School Pre Primary , Pre Nursery Schools , Schools Pre Primary 1"
Holy Family Convent Matriculation School,"Bye Pass Road, Coimbatore Ho, Coimbatore - 641001, South Ukkadam",,,,5.0,"Schools , Convent Schools"
V V Vani Vidyalaya Nursery & Matriculation Higher Secondary School,"No 27/1 & 27/2, 2nd Cross, Saibaba Colony, Coimbatore - 641011, Srp Nagar Near Srp Arch & Opp Siva S...",+(91)-9843063076,,,4.0,"Schools , English Medium Schools"
Bharathiya Vidyalaya N P School,"No 75, Kasthuri Nagar Madukkarai Road, Sundarapuram, Coimbatore - 641024",+(91)-9843340970,,,5.0,Schools
V.S.Sengottaiah Memorial High School,"Kurichi, Sundarapuram, Sundarapuram, Coimbatore - 641024, Near Sri Saradha Mill","+(91)-422-2672723 , +(91)-9443402010",,,4.3,"Schools , Senior Secondary Schools , School Co Education"
Eurokids,"No 18, Pongiammal Nagar, Kavundampalayam, Coimbatore - 641030, Near Indian Oil Petrol Station","+(91)-9842265565 , 9943865565",,,5.0,"Schools , Kindergartens , Nursery Schools , Creche , Pre Nursery Schools , Institute Child Care , Day Nurseries, Nursery Schools & Kindergardens , E Learning Pre School Teacher Training"
Bridgeway International Schools,"No 45 Rajagopal Avenue, Bharathiar University, Coimbatore - 641046","+(91)-422-2422778 , 6957000 , 6956699",http://www.bridewayschools.com,,0.0,Schools
Noor Sait Matriculation School,"Saramedu Main Road, Singanallur Nandanagar, Coimbatore - 641005, Karumbukadi","+(91)-422-3296100 , +(91)-9345655100 , 6529100",,,5.0,Schools
Vlb Janakiammal Matriculation School,"Kovaipudur, Coimbatore - 641042",+(91)-422-2253043,,,4.0,Schools
Barathiya School Of Management,"Agt Business Park,25, Avinashi Road, Avinashi Road, Coimbatore - 641014",+(91)-422-6267795,,,0.0,"Schools , CBSE Schools , English Medium Schools"
Kids Club Nursery & Primary School,"No 3/189, Trichy Road, Kangayampalayam, COIMBATORE - 641401","+(91)-422-2681526 , +(91)-9965581526",,,4.4,Schools
Sri Dhayanandhapuri Matric HR Sec School Pollachi,"Geetha Garden, Pollachi Main Road Palladam, Coimbatore - 642202, Dasanaickenpalayam",+(91)-422-283701,,,0.0,Schools
Takko Matriculation School,"Sf No 33/1a 38/2c, Nambiyur Main Road, Avinashi Taluk, COIMBATORE - 641603, Kootapalli Pirivu Thatta...",+(91)-9894768125,,,5.0,Schools
Holy Cross Matric Higher Secondary School,"St Marys High School Campus, Vadavalli Road, Velandipalayam, Coimbatore - 641025, Edayarpalayam Near...",+(91)-422-2658446,,,0.0,Schools
GKD Matriculation HR.Sec School,"Perianaickenpalayam, Srkv Post, Perianaickenpalayam, Coimbatore - 641020",+(91)-422-2692914,http://www.gkdschool.com,,5.0,"Schools , English Medium Schools , ICSE Schools , School Uniform Retailers"
Angappa Educational Trust Senior Secondary School,"No 56, Raja Annamalai Chettiar Road, Coimbatore Ho, Coimbatore - 641001, The Cinema",+(91)-9842203455,,,0.0,Schools
Kalaimagal Matriculation Higher Secondary School,"Palladam To Pollachi Main Road, Coimbatore Ho, Coimbatore - 641001",+(91)-9443704255,,,5.0,"Schools , High School"
CSI Boys Higher Secondary School,"Coimbatore Ho, Coimbatore - 641001","+(91)-422-2216723 , +(91)-9442071970",,,0.0,Schools
CSI Nursery & Primary School,"Variety Hall Road, Coimbatore Ho, Coimbatore - 641001, Opp To Old Swamy Theatre",+(91)-422-2396660,,,0.0,"Schools , Schools- Academic- Elementary & Secondary"
K G Public Matric Higher Secondary School,"K G Public Matric School Road, Perur, Coimbatore - 641010, Pachapalayam","+(91)-422-6543142 , +(91)-9244645895",,,3.0,"Schools , English Medium Schools , Senior Secondary Schools"
Government Higher Secondary School,"Vellamadai, Coimbatore - 641110",+(91)-422-2653435,,,0.0,Schools
Government Higher Secondary School Naickenpalayam,"Perianaickenpalayam, Coimbatore - 641020",+(91)-422-2697083,,,0.0,Schools
Tejas Suburban Play School,"No 11, Sastri Road, Ram Nagar, Coimbatore - 641009","+(91)-422-2231424 , +(91)-9443056753",,,4.5,"Schools , Playgroups , Kindergartens , Nursery Schools , School Pre Primary , Pre Nursery Schools"
SRI Sp Narasimalu Naidu Memorial High School,"No 86, Mill Road, Coimbatore Ho, Coimbatore - 641001",+(91)-422-2472833,,,4.7,Schools
Shri Vijaya Vidhyalaya,"No 33, Perumal Koil Street, Papanaickenpalayam, Coimbatore - 641037",+(91)-422-2247327,,,0.0,"Schools , English Medium Schools , Nursery Schools"
Kongu Matriculation School,"No 466-467, Ganapathy, Coimbatore - 641006, Vellappa Naicken Pudur",+(91)-422-2666146,,,3.5,"Schools , Schools- Academic- Elementary & Secondary"
Shen International Business School,"Coimbatore Ho, COIMBATORE - 641001",+(91)-422-2636403,,,0.0,Schools
Aamg Government Higher Secondary School,"Coimbatore Ho, Coimbatore - 641001, Annur",+(91)-422-262647,,,0.0,Schools
Stephens Matriculation School,"No 54-A, R G Pudur Street, Pappanaickenpudur, Coimbatore - 641041",+(91)-422-2448892,,,0.0,Schools
S V Nagar Vidyalaya Matriculation School,"No 19, Pappanaickenpudur, Coimbatore - 641041, Vadavalli Post Sri Vignesha Nagar","+(91)-422-2404520 , 6521692",,,4.0,Schools
CMS Matriculation HR Sec School,"Maniakaranpalayam, Ganapathy, Coimbatore - 641006",+(91)-422-2535274,,,3.0,Schools
Psg Sarvajana Higher Sec School,"Avinashi Road, Peelamedu, Coimbatore - 641004",,,,4.0,"Schools , Schools- Academic- Elementary & Secondary"
WVS Special School,"Indira Priyadharshini Building, Kavundampalayam, Coimbatore - 641030, Ramasamay Nagar Near Fire Serv...","+(91)-422-2445541 , +(91)-9500995552",http://www.wvsspecialschool.com,,5.0,"Schools , Institutions For Mentally Challenged , Special Schools"
Sri Vigneshwara Vidyalaya Matric. Hr. Sec. School,"Madukarai Road, Sundarapuram, Coimbatore - 641024","+(91)-422-2672992 , 2679840",,,0.0,Schools
Kpm Primary School,"Podanur Main Road, Podanur, Coimbatore - 641023, Near State Bank Of India",,,,4.3,"Schools , Primary Schools"
CRR Juniors,"No 16, Sugarcane Main Road, Sugarcane Breeding Institute, Coimbatore - 641007, Rajeev Gandhi Nagar S...","+(91)-422-2450105 , +(91)-9443782331",,,4.0,"Schools , Playgroups"
Pandit Nehru Metriculation School,"Kurichi, Coimbatore - 641021, Oppokurichi Housing Unit",+(91)-422-2862146,,,0.0,"Schools , English Medium Schools"
SRI SOWDESHWARI VIDHYALAYA MODEL MATRICULATION SCHOOL,"Maruthamalai main road, Vadavalli, Coimbatore - 641041, Near Kalveerampalayam bus stop","+(91)-422-2422111 , 2423198",,,4.7,"Schools , English Medium Schools , High School , Senior Secondary Schools , Junior KG , Primary Schools , Senior KG"
Government High School Sundapalayam,"Veerakeralam, Coimbatore - 641007",+(91)-422-2617059,,,0.0,Schools
Nagini Vidyalaya,"No 1, Thonda Muttur Road, Sugarcane Breeding Institute, Coimbatore - 641007, Kali Kanayekan Palayam",+(91)-422-2617040,,,5.0,"Schools , Schools- Academic- Elementary & Secondary"
Ideal Matriculation Higher Secondary School,"Narasimhanaickenpalyam, Coimbatore - 641031",+(91)-422-2461501,,,4.0,Schools
Shakthi Nursery & Primary Schools,"No 1/505 R C Building, Malumichampatti, Coimbatore - 641050, Vadukku Thottam Near Government School","+(91)-9994999373 , 9443651963",,,0.0,Schools
Dr V Gengusamy Naidu Matriculation HR Sec School,"Pollachi Main Road, Othakalmandapam, Coimbatore - 641032",+(91)-422-2610104,,,4.0,Schools
Pioneer Mills Higher Secondary School,"Jothipuram, Jothipuram, Coimbatore - 641047, Pck",+(91)-422-2895084,,,3.3,Schools
Kovati Maruthamalai Matric School,"Kalangal Road, Kannampalayam, Coimbatore - 641402, Sulur",+(91)-422-2680910,,,0.0,Schools
Sri Ranga CBSE School,"Devi Farms, Karuvalur Road, Ganesapuram, Coimbatore - 641107, Manikampalayam",+(91)-9363106310,,,4.0,"Schools , CBSE Schools , English Medium Schools"
SRI Vinayaga Vidhyalaya School,"Sri Vinayaga Vidhyalaya School, 113/4, Periya Ranganathapuram, Bujanganoor, Karamadai, Coimbatore - ...","+(91)-4254-284555 , +(91)-9965059241 , 294322",http://www.svvs.in,,5.0,"Schools , CBSE Schools , English Medium Schools"
Evangeline Matriculation Higher Secondary School,"Karunya University, Karunya Nagar, Coimbatore - 641114",+(91)-422-2613878,,,0.0,"Schools , Senior Secondary Schools"
ST. Joseph's Matriculation School,"36, Jadayampalayam, Mettupalayam, Coimbatore - 641301, Near Jadayampalayam Post Office",+(91)-4254-226260,,,5.0,Schools
Takko International School,"No 1/1j-16, Avinashi Road, Anupparpalayam, COIMBATORE - 641652, Thaneerpandal Colony 13 Kms Frm Avin...",,,,0.0,"Schools , English Medium Schools"
Government High School,"No 49, Kavundampalayam, Coimbatore - 641030","+(91)-422-2406870 , 2406875",,,0.0,Schools
Kalaimagal Matriculation Higher Secondary School,"Palladam To Pollachi Main Road, Coimbatore , Sindhunagar Poorandampalayam Post","04255 ,  266344 , +(91)-9443776340",,,4.0,Schools
Seventh Day Adventist Matric School,"114, Sellappa Gounder Street, Katoor, Coimbatore - 641009",+(91)-422-2231747,,,0.0,Schools
Mani Nursery & Primary School,"Laxmi Mills Colony, Papanaickenpalayam, Coimbatore - 641037",+(91)-422-2240851,,,5.0,Schools
V C Shishu Vidhodaya Matriculation School,"195, Scheme Road, Rase Course, Coimbatore Ho, Coimbatore - 641001",+(91)-422-2216419,,,5.0,Schools
The Managing Trustee Elsie Matriculation School,"186, Eb Colony, Sanganur Main Road, Ganapathy, Coimbatore - 641006",+(91)-422-2332369,,,5.0,Schools
Chinmaya International Residential School,"Nallurvayal Po, Karunyanagar, Coimbatore - 641114, Siruvani Post","+(91)-422-2613358 , +(91)-9360461592",http://www.cirschool.org,,0.0,"Schools , International Schools , Residential Schools In Coimbatore"
The K G International School .,"Annur, Coimbatore - 641653",+(91)-4254-263633,,,4.0,Schools
The Vijayalakshmi Matric HR Sec School .,"Annur, Coimbatore - 641653",+(91)-4254-254566,,,0.0,Schools
Holy Angels Matric HR Sec School,"Annur, Coimbatore - 641653",+(91)-4254-275723,,,0.0,Schools
Chinmaya International Residentil School,"Coimbatore, Coimbatore - 641105",+(91)-422-8157726,,,0.0,Schools
Vidya Nethrra Matriculation HR Sec School,"Vni Compus, Pollachi - Udamalpet High Way, Gomangalapudhur, Coimbatore Ho, Coimbatore - 641001",+(91)-8344559977,,,5.0,Schools
Excel Matric Higher Secondary School,"Narasimhanaickenpalyam, Coimbatore - 641031, Lakshmi Nager",,,,0.0,Schools
Shenbagam Matriculation HR. Sec. School,"No.106, Meenkarai Road, Uthukuli Zamin, Coimbatore - 642004",+(91)-4259-226096,,,0.0,"Schools , Convent Schools"
Sri Ramakrishna Matriculation School,"N G G O Colony, Coimbatore - 641022, Vattamalaipalayam",,,,4.0,Schools
Gedee Public School City Office,"President Hall, Main Road, Avinashi Road, Coimbatore - 641014","+(91)-422-6464777 , +(91)-9585530265 , 6464888",,,4.0,"Schools , English Medium Schools , Schools Nursery To VII"
CMS Primary School,"No 42, Gandhipuram, Coimbatore - 641012, Gandhipuram","+(91)-422-2527584 , 2524977 , 2522265",,,4.3,Schools
St Antonys Nursery & Primary School,"No 13, Ramanathapuram Coimbatore, Coimbatore - 641045, Indira Nagar",+(91)-422-2313269,,,0.0,"Schools , Schools- Academic- Elementary & Secondary"
Selva Matric Higher Secondary School,"No 142 1st Floor Ngn Building, N G Narayanaswamy Street, Sidhapudur, Coimbatore - 641044","+(91)-9443265776 , 9443512497 , 9047035345",,,0.0,Schools
Alwyn English Primary School,"No 724, 7th Street, Tatabad, Coimbatore - 641012, Gandhipuram",,,,0.0,"Schools , Primary Schools"
Bhavans Matriculation Higher Secondary School,"582, Diwan Bahadur Road, R S Puram, Coimbatore - 641002",,http://www.bhavans.info,,0.0,"Schools , English Medium Schools , ICSE Schools"
Saibaba Vidyalayam Middle School,"No 1262, Mettupalayam Road, Sriavanashilingam HSC, Coimbatore - 641043",+(91)-422-2440688,,,0.0,Schools
CSI Kinder Garden Model School,"Race Course, Coimbatore Central, Coimbatore - 641018",,,,0.0,"Schools , Primary Schools"
Learn English International,"2/753,Near Anna Statue,Avinashi Rd, Coimbatore - 641018",+(91)-422-4394394,,,5.0,Schools
Dhruva The Moutessori School,"No 11/3 Surya Garden East, Bharathi Colony, Peelamedu, Coimbatore - 641004, Opp Road Coindia","+(91)-9787127277 , 9994025111",http://www.dhruvaschool.com,,2.8,"Schools , Playgroups , International Schools , Kindergartens , Nursery Schools , Montessori Schools"
Vivekananda Vidyalaya,"No 18, Thuraiswamy Layout, Ganapathy, Coimbatore - 641006, Avarampalayam","+(91)-422-2562640 , +(91)-9843017343",,,4.5,Schools
Ruby Nursery & Primary School,"No 484, Sathy Road, Ganapathy, Coimbatore - 641006, Near Textool",+(91)-422-2535523,,,5.0,"Schools , Nursery Schools , Primary Schools"
Thavathiru Kandaswami Swamigal Matriculation School,"Gowmara Madalayam, Ganapathy, Coimbatore - 641006, Chinnavedampatti",+(91)-422-6531470,,,0.0,Schools
Amala Nursery & Primary School,"No 158 A, Gopalsamy Koil Street, Ganapathy, Coimbatore - 641006, Opposite To Synidcate Bank & Near R...","+(91)-422-2530570 , +(91)-9345642313",,,0.0,"Schools , English Medium Schools , Nursery Schools , Pre Nursery Schools , Primary Schools"
Al Azhar Matriculation School,"No 60-D, Samrao Street, Coimbatore Ho, Coimbatore - 641001, Opp To Malaimurasu Road",+(91)-422-2381880,,,0.0,Schools
Crescent Matriculation School,"No 3, Saramedu Main Road, Kunniyamuthur, Coimbatore - 641008",,,,0.0,Schools
Nivis Play School,"No 32/1, Bharathi Park 2nd Cross Road, Saibaba Colony, Coimbatore - 641011","+(91)-422-2442159 , +(91)-9994416763",,,0.0,Schools
My World Pre School,"No 8, Shakthi Nagar, Ramanuja Nagar, Uppilipalayam, Coimbatore - 641015","+(91)-422-2575533 , +(91)-9362993221 , 9442007426",,,3.0,Schools
Kgms Matriculation School,"Krk Street, Sowripalayam, Coimbatore - 641028",,,,0.0,"Schools , English Medium Schools"
Kaypees Matriculation HR Sec School,"Peelamedu, Coimbatore - 641004, Karamadai","4254 ,  274914 , 4254 , 274914",,,0.0,Schools
Institute Of Engineers(India) The,"Peelamedu, Coimbatore - 641004",+(91)-422-02578733,,,4.0,Schools
J M Matriculation School,"No 11/40-A, Thadagam Road, Velandipalayam, Coimbatore - 641025, Edayarpalayam",+(91)-422-2401846,,,0.0,Schools
Rajalakshmi Mills High School,"Trichy Road, Singanullar, Coimbatore - 641005",+(91)-422-2574277,,,5.0,"Schools , Schools- Academic- Elementary & Secondary"
N. S Matriculation School,"Kurinji Nagar, Kuniamuthur, Coimbatore - 641008","+(91)-422-2930100 , +(91)-9345644100",http://www.noorsait.org,,5.0,Schools
Small Wonder Play School,"113/4, Krishnammal Street, K K Pudur, Saibaba Colony, Coimbatore - 641011, near kk puthur high school",+(91)-422-3358653,,,0.0,"Schools , Playgroups , Kindergartens"
C M S Malayalam High School,"Sathy Road, Ganapathi So, Coimbatore - 641006",+(91)-422-2531711,,,0.0,Schools
S.Sivashanmugam,"11/24-B Siva Illam, Nattha Medu, Coimbatore, Coimbatore - 641007",+(91)-422-2854019,,,0.0,Schools
TKS Matriculation Higher Secondary School,"Chinnavedampatti, Coimbatore - 641049, Kaumaramadalayam","+(91)-422-2666429 , +(91)-9842260609 , 6531470",,,0.0,"Schools , English Medium Schools"
Vidya Vikasini Opportunity School,"No 66-D, Mettupalayam Road, Thudialur, Coimbatore - 641034",+(91)-422-2642396,http://www.vidyavikasini.org,,5.0,"Schools , Schools For Physically Challenged"
Holy Cross Convent School,"Vellalur Road, Singanallur, Coimbatore - 641005",,,,0.0,"Schools , Convent Schools"
Monte Vijay Nursery School,"No 25, Om Ganesh Nagar, Kamaraj Street, Vadavalli, Coimbatore - 641041, Opp Vadavalli High School","+(91)-422-2422642 , +(91)-9843512301 , 9047899739 , 2422154",,,0.0,"Schools , Playgroups , Kindergartens , Junior KG , Senior KG"
Rukmanikannan Vidyalaya Matriculation Higher Secondary School,"U Block, Kovaipudur, Coimbatore - 641042","+(91)-422-2607410 , +(91)-9443050599 , 2607835",,,5.0,"Schools , Schools- Academic- Elementary & Secondary"
Prabhatham Nursery & Primary School,"No A/81, 100 Feet Road, Kovaipudur, Coimbatore - 641042, Opposite To Ration Shop","+(91)-422-2606062 , +(91)-9566324646 , 9894943278",,,0.0,"Schools , Nursery Schools"
Cpm Sakunthala Vidyalaya Matriculation Secondary School,"Kovaipudur, Coimbatore - 641042",+(91)-422-2607550,,,0.0,Schools
The Advaitham Premier School,"3/108-2, Dhandapani Nagar, Vadamadurai Kurudampalayam, COIMBATORE - 641017",+(91)-8883444966,,,4.0,"Schools , Boarding Schools , English Medium Schools"
AVB Matriculation Higher Secondary School,"Thekkupalayam, Perianaickenpalayam, Coimbatore - 641020",+(91)-9842266000,,,0.0,Schools
Sri Sakthi Matric Higher Sec School,"Chettipalayam, Coimbatore - 641201, Sakthi Nagar",+(91)-422-2655356,,,0.0,"Schools , Schools- Academic- Elementary & Secondary"
Sri Ramakrishna Vidya Mandir Matriculation School,"Marudhamalai Main Road, Maruthamalai, Coimbatore - 641046, Near Udhavum Karangal",+(91)-422-2426971,,,4.5,Schools
Nanchappa Chettiar Matriculation HR Sc School,"Avinashi Road, Arasur, Coimbatore - 641407",,,,0.0,Schools
Pioneer Mills Higher Secondary School,"Jothipuram, Coimbatore - 641047, Perianaickenpalayam",+(91)-422-2697057,,,0.0,Schools
M. G. M Matric Higher Secondary School,"K. N. G Pudur, Tadagam, Coimbatore - 641108",+(91)-422-2400420,,,3.0,Schools
Indian Primary & Nursery School,"No 27, Selvapuram, Coimbatore - 641026, R S Colony Dr Rajarathinam Nagar",+(91)-9894904020,,,0.0,Schools
Chennimalai Gounder Matriculation School,"No 12/81, Karumathampatti Road, Somanur, Coimbatore - 641668",+(91)-421-2333142,,,0.0,"Schools , Schools- Academic- Elementary & Secondary"
Madonna Matric & HR. Secondary School,"Mangalakkarai P.o., Karamadai, COIMBATORE - 641104","+(91)-4254-275700 , +(91)-9360853948 , 272001",,,0.0,"Schools , English Medium Schools"
Tknm Higher Secondary School,"52-C, Bellathi Road, Karamadai, COIMBATORE - 641104, Near Sri Thirumalai Rajarajeswari Textiles",+(91)-4254-273112,,,0.0,"Schools , Senior Secondary Schools"
Anbalayam,"Kannarpalayam Road, Karamadai, Coimbatore - 641104, Near Sowmi Clinic",+(91)-4254-273570,,,0.0,"Schools , English Medium Schools"
Swami Vivekananda MAT HR Sec School,"M T P Road, Annur, Coimbatore - 641653",,,,0.0,Schools
Sanjose Matriculation Higher Secondary School,"Mettupalayam, Coimbatore - 641301, Kattoor","+(91)-4254-226595 , 222701",,,0.0,Schools
National Matriculation School,"Sirumugai Road, Mettupalayam, Coimbatore - 641301","+(91)-4254-290500 , +(91)-9345678997",,,3.0,Schools
Holy Angels Matric & HR. Sec. School,"Annur Road, Mettupalayam, COIMBATORE - 641301",+(91)-4254-222639,,,3.0,"Schools , English Medium Schools , Convent Schools"
National Nursery And Primary School,"Senthil Theatre Road, Mettupalayam, Coimbatore - 641301",+(91)-4254-229080,,,0.0,Schools
M Nanjappan Chettiar Matriculation Higher Secondary School,"Avinashi Road Muthalipalayam Pirivu, Arasur, Coimbatore - 641407, Near Abt Parcel Service West Side ...","+(91)-9585502073 , 9585596783",,,4.5,"Schools , English Medium Schools"
Subramaniya Chettiyar Govt HR Sec School,"Tirupur Ho, COIMBATORE - 641601","0421 ,  2242301 , 0421 , 2242301",,,0.0,Schools
Vikas Vidyalaya Nursery & Primary School,"1st Street, Perumanallur Road, COIMBATORE - 641602, Srinagar Pichampalayam Pudur",+(91)-421-3250559,,,0.0,"Schools , Nursery Schools , Primary Schools"
Palaniammal Higher Secondary School,"Kaliapuram Post Vettaikaranpudur Via, Vettaikaranpudur, Coimbatore - 642129","+(91)-4259-283672 , 282344",,,5.0,Schools
Avat Higher Secondary School,"Somanur, COIMBATORE - 638668, Samalapuram",+(91)-421-2334300,,,0.0,Schools
Jay Matriculation School,"Avarampalayam, Coimbatore - 641006, Shanthi Nagar",+(91)-422-2568232,,,5.0,"Schools , English Medium Schools"
Brisk Matriculation School,"K K Pudur Road, Velandipalayam, Coimbatore - 641025",+(91)-422-2436727,,,5.0,Schools
Aggarwal Matriculation School,"Kng Pududr Pirivu, Thadagam Road, Tadagam, Coimbatore - 641108",+(91)-422-2400036,,,5.0,Schools
Shivesh Autism Centre,"No 9 H, 2nd Cross Road Avarampalayam Road, Sidhapudur, Coimbatore - 641044, K K Nagar","+(91)-422-4389504 , +(91)-9894960485",,,5.0,Schools
Subam Fancy Store,"No 823/5, Racecourse Road, Coimbatore Central, Coimbatore - 641018, Near Subway Restaurant",+(91)-7402157804,,,0.0,"Schools , Fancy Article Stores"
Vidya Saraswathy Academy,"187, 2nd Street, Gandhipuram Coimbatore, Coimbatore - 641012","+(91)-422-2434567 , +(91)-9842233737",,,0.0,"Schools , Education Academy"
Karpagam Matriculation School,"Ramanathapuram Coimbatore, Coimbatore - 641045, Near Kathiravan Gardens","+(91)-422-2314973 , 2611082",http://www.karpagameducation.com,,0.0,Schools
St Antony S R C Boys High School,"Ramanathapuram Coimbatore, Coimbatore - 641045",+(91)-422-2313169,,,0.0,"Schools , Nursery Schools , Primary Schools , Schools- Academic- Elementary & Secondary"
Aruljothi Matriculation School,"Ramanathapuram Coimbatore, Coimbatore - 641045, Ramalingajothi Nagar",,,,0.0,"Schools , English Medium Schools"
Shrimathi Ranganayaki Ammal Nursery & Primary School,"No 62, L M School Street, Papanaickenpalayam, Coimbatore - 641037",+(91)-9047005461,,,5.0,Schools
Scad World School & Institue Of Technology,"2nd Floor Rajanarayana Towers, 70 Race Course Road, Coimbatore - 641018, East Wing",+(91)-9942978505,http://www.scad.ac.in,,0.0,Schools
St Pauls Nursery & Primary School,"No 50, Bashyagaralu Road, R S Puram, Coimbatore - 641002",+(91)-422-2540027,,,0.0,"Schools , Nursery Schools , Primary Schools"
Sri Aravindan Annai School,"Gandhi Road, Rathinapuri, Coimbatore - 641027, Kannappa Nagar",,,,0.0,"Schools , Primary Schools"
Elsie Matric Feeder School,"58, Rathinapuri, Coimbatore - 641027",,,,0.0,Schools
Winfinity World Schools,"Door No 59/1, Arunachala Street West, R S Puram, Coimbatore - 641002",+(91)-422-3199090,http://www.winfinityworldschools.com,,0.0,Schools
